digitSpanWAIS,WAISDSrt,WAISDSresponse,WAISDSscore,participant,group
2,1.89891,97,1,1000,ABC
3,1.432455,582,1,1000,ABC
4,2.214915,7286,1,1000,ABC
5,2.165515,42731,1,1000,ABC
6,3.11447,392487,1,1000,ABC
7,3.831385,6917428,1,1000,ABC
8,3.39782,3829714,0,1000,ABC
8,3.88087,58142387,0,1000,ABC
2,3.0644,97,1,500,CAB
3,4.2029,582,1,500,CAB
4,2.3027,7286,1,500,CAB
5,2.9014,42731,1,500,CAB
6,3.6854,39287,0,500,CAB
6,7.0737,694173,0,500,CAB
2,1.1819,97,1,651,ACB
3,2.1995,582,1,651,ACB
4,1.5657,7286,1,651,ACB
5,6.0984,42731,1,651,ACB
6,4.9489,392487,1,651,ACB
7,5.4976,691478,0,651,ACB
7,4.0458,487946,0,651,ACB
2,1.3632,97,1,652,ACB
3,1.1499,582,1,652,ACB
4,7.249,7826,0,652,ACB
4,2.7166,6439,1,652,ACB
5,5.6477,42731,1,652,ACB
6,3.55,392847,0,652,ACB
6,6.1891,6194873,0,652,ACB
2,2.7821,97,1,653,CBA
3,1.1161,582,1,653,CBA
4,8.0312,7826,0,653,CBA
4,4.8986,68349,0,653,CBA
2,2.9098,97,1,656,BCA
3,2.0081,582,1,656,BCA
4,3.6853,7286,1,656,BCA
5,4.0194,42731,1,656,BCA
6,7.752,392487,1,656,BCA
7,8.4933,6917428,1,656,BCA
8,15.423,38296174,1,656,BCA
9,10.7559,275863194,1,656,BCA
2,2.4475,97,1,657,ACB
3,1.1331,582,1,657,ACB
4,8.9983,7286,1,657,ACB
5,6.9483,4831,0,657,ACB
5,6.315,7838,0,657,ACB
2,1.3638,97,1,658,CAB
3,1.1999,582,1,658,CAB
4,4.1824,7286,1,658,CAB
5,4.7484,42731,1,658,CAB
6,7.1489,394287,0,658,CAB
6,5.9993,689173,0,658,CAB
2,7.1913,97,1,659,ACB
3,3.6717,582,1,659,ACB
4,4.488,7286,1,659,ACB
5,5.7241,42731,1,659,ACB
6,7.524,392487,1,659,ACB
7,8.8766,6917428,1,659,ACB
8,11.9627,38296174,1,659,ACB
9,11.0797,275863194,1,659,ACB
2,2.1827,97,1,660,CAB
3,3.0989,582,1,660,CAB
4,3.9661,78286,0,660,CAB
4,2.0168,6439,1,660,CAB
5,2.0498,42731,1,660,CAB
6,3.7323,392487,1,660,CAB
7,5.2481,6917482,0,660,CAB
7,5.8488,4897648,0,660,CAB
2,3.429,97,1,667,BAC
3,2.8448,582,1,667,BAC
4,4.0492,7286,1,667,BAC
5,4.7968,42371,0,667,BAC
5,4.5956,75836,1,667,BAC
6,6.6777,392487,1,667,BAC
7,8.1592,6497128,0,667,BAC
7,9.0424,41397628,0,667,BAC
2,2.6453,97,1,668,BCA
3,2.447,582,1,668,BCA
4,4.6614,7286,1,668,BCA
5,2.6966,42731,1,668,BCA
6,3.1125,392487,1,668,BCA
7,5.7273,6917428,1,668,BCA
8,6.0598,38296174,1,668,BCA
9,5.2425,2758614,0,668,BCA
9,3.8785,713948,0,668,BCA
2,1.7166,97,1,672,ACB
3,1.0476,582,1,672,ACB
4,1.4969,7286,1,672,ACB
5,2.5577,42731,1,672,ACB
6,3.391,392487,1,672,ACB
7,5.0853,6912748,0,672,ACB
7,3.677,4197386,0,672,ACB
2,3.0465,97,1,674,BCA
3,3.3834,582,1,674,BCA
4,4.1983,7286,1,674,BCA
5,7.0488,42731,1,674,BCA
6,7.1165,392487,1,674,BCA
7,7.4665,6917428,1,674,BCA
8,8.6154,38296174,1,674,BCA
9,9.1824,275863194,1,674,BCA
2,3.6276,97,1,675,ACB
3,2.1135,582,1,675,ACB
4,6.1629,7286,1,675,ACB
5,3.6598,42731,1,675,ACB
6,4.8807,392487,1,675,ACB
7,8.7248,692782,0,675,ACB
7,9.5556,427938,0,675,ACB
2,1.3797,97,1,676,CBA
3,1.3646,582,1,676,CBA
4,2.781,7286,1,676,CBA
5,8.9474,42781,0,676,CBA
5,3.0154,75836,1,676,CBA
6,4.3819,39287,0,676,CBA
6,4.9483,619847,0,676,CBA
2,3.1976,97,1,677,ACB
3,1.8153,582,1,677,ACB
4,2.3318,7286,1,677,ACB
5,3.1651,42731,1,677,ACB
6,6.5137,392487,1,677,ACB
7,9.879,6917428,1,677,ACB
8,8.9455,38296174,1,677,ACB
9,17.559,63473794,0,677,ACB
9,9.879,713942568,1,677,ACB
2,1.717,97,1,680,BCA
3,2.334,582,1,680,BCA
4,3.251,7286,1,680,BCA
5,2.334,42731,1,680,BCA
6,7.15,394287,0,680,BCA
6,3.366,619473,1,680,BCA
7,4.217,6197428,0,680,BCA
7,4.367,4179386,1,680,BCA
8,6.617,318972641,0,680,BCA
8,4.467,5813467,0,680,BCA
2,3.6941,97,1,681,ACB
3,1.8479,582,1,681,ACB
4,2.9467,7286,1,681,ACB
5,3.6128,42731,1,681,ACB
6,4.8783,392487,1,681,ACB
7,6.9263,6917428,1,681,ACB
8,7.0097,38296714,0,681,ACB
8,7.1769,5813472,0,681,ACB
2,2.0819,97,1,682,ACB
3,1.5659,582,1,682,ACB
4,2.3833,7286,1,682,ACB
5,2.4817,42731,1,682,ACB
6,4.3483,392487,1,682,ACB
7,5.7476,6917428,1,682,ACB
8,7.5805,38296174,1,682,ACB
9,6.7475,275863194,1,682,ACB
2,1.9814,97,1,683,CBA
3,1.849,582,1,683,CBA
4,2.6487,7286,1,683,CBA
5,2.482,42731,1,683,CBA
6,2.3822,392487,1,683,CBA
7,5.5474,6917428,1,683,CBA
8,8.1624,38296174,1,683,CBA
9,6.6469,276853794,0,683,CBA
9,4.348,7139428,0,683,CBA
2,2.353,97,1,684,CAB
3,1.5043,582,1,684,CAB
4,3.0031,7286,1,684,CAB
5,2.8555,42731,1,684,CAB
6,4.1231,392487,1,684,CAB
7,14.7033,6917428,1,684,CAB
8,10.4666,3862174,0,684,CAB
8,20.4579,5832647,0,684,CAB
2,0.732,NA,0,685,BAC
2,1.3496,NA,0,685,BAC
2,3.5004,97,1,686,BCA
3,1.1155,582,1,686,BCA
4,1.3002,7286,1,686,BCA
5,2.9162,42731,1,686,BCA
6,2.7997,392487,1,686,BCA
7,3.4176,6917428,1,686,BCA
8,10.9158,68293714,0,686,BCA
8,4.5174,53162842,0,686,BCA
2,1.981,97,1,687,ACB
3,1.2822,582,1,687,ACB
4,1.6655,7286,1,687,ACB
5,1.349,42731,1,687,ACB
6,3.448,392487,1,687,ACB
7,4.0147,6917248,0,687,ACB
7,3.7977,4179386,1,687,ACB
8,3.6982,38296174,1,687,ACB
9,6.6628,275869134,0,687,ACB
9,7.9458,7129384568,0,687,ACB
2,3.0458,97,1,689,CBA
3,1.4492,582,1,689,CBA
4,4.4139,7286,1,689,CBA
5,2.6314,42731,1,689,CBA
6,3.8649,392487,1,689,CBA
7,5.8638,6917428,1,689,CBA
8,6.8136,38296174,1,689,CBA
9,12.3938,27583914,0,689,CBA
9,7.5967,713942568,1,689,CBA
2,3.8968,97,1,690,CAB
3,1.6494,582,1,690,CAB
4,2.7321,7286,1,690,CAB
5,3.5151,42731,1,690,CAB
6,3.916,392487,1,690,CAB
7,7.498,6917428,1,690,CAB
8,8.5821,38296174,1,690,CAB
9,13.6647,245867194,0,690,CAB
9,7.4017,713942568,1,690,CAB
2,3.404,97,1,692,BCA
3,2.0193,582,1,692,BCA
4,2.6539,7286,1,692,BCA
5,4.8741,42731,1,692,BCA
6,8.1119,392487,1,692,BCA
7,6.2094,6947128,0,692,BCA
7,7.9794,4179386,1,692,BCA
8,8.613,38297364,0,692,BCA
8,15.2897,NA,0,692,BCA
2,1.9815,97,1,694,ACB
3,1.6031,582,1,694,ACB
4,2.466,7286,1,694,ACB
5,5.9981,427381,0,694,ACB
5,4.2483,75836,1,694,ACB
6,3.8471,392487,1,694,ACB
7,9.8982,69917428,0,694,ACB
7,2.2988,2,0,694,ACB
2,2.9306,97,1,695,ACB
3,2.0538,582,1,695,ACB
4,1.8933,7286,1,695,ACB
5,3.9144,42731,1,695,ACB
6,5.4408,394287,0,695,ACB
6,5.8483,619473,1,695,ACB
7,4.989,6914728,0,695,ACB
7,6.2951,4189736,0,695,ACB
2,3.1638,97,1,696,CAB
3,1.7486,582,1,696,CAB
4,3.082,7286,1,696,CAB
5,2.5989,42731,1,696,CAB
6,4.215,392487,1,696,CAB
7,5.3305,6917428,1,696,CAB
8,10.2457,38296719,0,696,CAB
8,5.2976,5813467,0,696,CAB
2,2.2485,97,1,697,BAC
3,2.5661,582,1,697,BAC
4,3.0002,7286,1,697,BAC
5,5.2661,42731,1,697,BAC
6,4.6826,394287,0,697,BAC
6,6.5167,619473,1,697,BAC
7,6.267,6917348,0,697,BAC
7,6.3997,4193786,0,697,BAC
2,3.2473,97,1,698,ACB
3,1.6156,582,1,698,ACB
4,5.6656,726,0,698,ACB
4,2.8334,6439,1,698,ACB
5,9.632,42731,1,698,ACB
6,4.8491,392487,1,698,ACB
7,9.0488,691372,0,698,ACB
7,9.6819,4187368,0,698,ACB
2,3.899,97,1,700,ABC
3,1.8408,582,1,700,ABC
4,3.1971,7286,1,700,ABC
5,3.2945,42731,1,700,ABC
6,2.995,392487,1,700,ABC
7,16.8487,692178,0,700,ABC
7,20.4669,7491386,0,700,ABC
2,5.5303,97,1,702,CAB
3,3.7487,582,1,702,CAB
4,2.2319,7286,1,702,CAB
5,3.4132,42731,1,702,CAB
6,5.3185,392487,1,702,CAB
7,5.4318,6917428,1,702,CAB
8,6.7643,38296174,1,702,CAB
9,11.6809,2758134,0,702,CAB
9,7.4152,713942568,1,702,CAB
2,2.8328,97,1,704,BCA
3,1.4841,582,1,704,BCA
4,1.7838,7286,1,704,BCA
5,3.5516,42731,1,704,BCA
6,4.4183,392487,1,704,BCA
7,6.6013,6917428,1,704,BCA
8,5.9846,3829764,0,704,BCA
8,11.4865,58132647,1,704,BCA
9,9.3547,275813694,0,704,BCA
9,10.6872,713942568,1,704,BCA
2,2.7984,97,1,705,ACB
3,1.8659,582,1,705,ACB
4,3.5824,7286,1,705,ACB
5,4.4825,42731,1,705,ACB
6,4.6491,392487,1,705,ACB
7,6.7154,6917428,1,705,ACB
8,6.5656,38296174,1,705,ACB
9,8.2486,275863194,1,705,ACB
2,6.3797,97,1,706,CAB
3,4.0148,582,1,706,CAB
4,2.832,7286,1,706,CAB
5,4.0819,42731,1,706,CAB
6,7.4802,392487,1,706,CAB
7,5.4284,6917428,1,706,CAB
8,7.4315,38296174,1,706,CAB
9,9.1624,275863194,1,706,CAB
2,1.698,97,1,708,CAB
3,2.5824,582,1,708,CAB
4,2.2343,7286,1,708,CAB
5,1.881,42731,1,708,CAB
6,3.5858,392487,1,708,CAB
7,2.7322,691,0,708,CAB
7,4.4662,437,0,708,CAB
2,3.1148,97,1,712,CAB
3,1.1059,582,1,712,CAB
4,1.2164,7286,1,712,CAB
5,1.2496,42731,1,712,CAB
6,2.3504,392487,1,712,CAB
7,3.1677,6917428,1,712,CAB
8,7.1513,38296714,0,712,CAB
8,3.4839,58132467,0,712,CAB
2,3.016,97,1,713,CBA
3,1.2841,582,1,713,CBA
4,0.5684,NA,0,713,CBA
4,4.1288,64839,0,713,CBA
2,3.4,97,1,714,ACB
3,1.736,582,1,714,ACB
4,2.088,7286,1,714,ACB
5,2.039,42731,1,714,ACB
6,3.005,392487,1,714,ACB
7,4.517,6914728,0,714,ACB
7,5.135,4917386,0,714,ACB
2,2.502,97,1,715,BAC
3,1.0491,582,1,715,BAC
4,1.3527,7286,1,715,BAC
5,4.5033,42731,1,715,BAC
6,2.3167,392487,1,715,BAC
7,7.8652,6917428,1,715,BAC
8,2.563,38296174,1,715,BAC
9,3.9665,275863194,1,715,BAC
2,2.9658,97,1,717,ACB
3,2.7664,582,1,717,ACB
4,8.8496,78926,0,717,ACB
4,4.0165,6439,1,717,ACB
5,6.2163,46731,0,717,ACB
5,7.2327,7536,0,717,ACB
2,2.4973,97,1,719,CBA
3,1.3363,582,1,719,CBA
4,2.1313,7286,1,719,CBA
5,2.0175,42731,1,719,CBA
6,4.0952,392487,1,719,CBA
7,3.8485,6917428,1,719,CBA
8,7.1428,3829164,0,719,CBA
8,7.5017,5813267,0,719,CBA
2,2.287,97,1,721,BAC
3,1.307,582,1,721,BAC
4,1.949,7286,1,721,BAC
5,2.741,42731,1,721,BAC
6,4.977,392487,1,721,BAC
7,5.714,6917248,0,721,BAC
7,7.945,4179836,0,721,BAC
2,2.0292,97,1,723,ACB
3,1.0826,582,1,723,ACB
4,2.563,7286,1,723,ACB
5,3.8289,42731,1,723,ACB
6,7.2618,39487,0,723,ACB
6,3.7115,619473,1,723,ACB
7,3.7648,6194728,0,723,ACB
7,5.3941,419768,0,723,ACB
2,2.4822,97,1,724,CAB
3,1.25,582,1,724,CAB
4,2.9826,7286,1,724,CAB
5,3.6493,42731,1,724,CAB
6,4.4163,342987,0,724,CAB
6,12.9482,694783,0,724,CAB
2,4.5805,97,1,725,ABC
3,2.6488,582,1,725,ABC
4,4.0291,7286,1,725,ABC
5,5.2807,42731,1,725,ABC
6,4.6149,392487,1,725,ABC
7,9.0934,6917428,1,725,ABC
8,8.0131,38296174,1,725,ABC
9,7.6294,275863194,1,725,ABC
2,2.6507,97,1,726,CAB
3,2.7653,582,1,726,CAB
4,3.066,7286,1,726,CAB
5,2.3841,42731,1,726,CAB
6,4.7687,392487,1,726,CAB
7,5.6345,791428,0,726,CAB
7,14.5488,4719386,0,726,CAB
2,2.054,97,1,727,BAC
3,1.176,582,1,727,BAC
4,2.129,7286,1,727,BAC
5,1.854,42731,1,727,BAC
6,2.704,392487,1,727,BAC
7,8.436,694278,0,727,BAC
7,4.488,4197386,0,727,BAC
2,2.0668,97,1,730,CAB
3,1.484,582,1,730,CAB
4,2.9196,7286,1,730,CAB
5,3.3191,42731,1,730,CAB
6,4.0042,392487,1,730,CAB
7,7.3576,6914728,0,730,CAB
7,7.2903,4179386,1,730,CAB
8,7.5578,3289674,0,730,CAB
8,9.026,58132647,1,730,CAB
9,7.5079,275863194,1,730,CAB
2,3.4128,97,1,732,CAB
3,2.1312,582,1,732,CAB
4,4.7625,7826,0,732,CAB
4,3.6134,6439,1,732,CAB
5,0.9488,3934,0,732,CAB
5,1.881,67892,0,732,CAB
2,2.3481,97,1,733,BAC
3,1.016,582,1,733,BAC
4,1.666,7286,1,733,BAC
5,1.8822,42731,1,733,BAC
6,3.899,392487,1,733,BAC
7,6.2822,6917428,1,733,BAC
8,4.7986,3829674,0,733,BAC
8,8.1153,5312867,0,733,BAC
2,7.6716,697,0,734,BCA
2,1.8644,63,1,734,BCA
3,1.9588,582,1,734,BCA
4,1.9337,7286,1,734,BCA
5,4.7362,47321,0,734,BCA
5,13.6789,785326,0,734,BCA
2,3.8982,97,1,736,ACB
3,2.6689,582,1,736,ACB
4,2.8303,7286,1,736,ACB
5,4.4827,42731,1,736,ACB
6,4.649,392487,1,736,ACB
7,5.7985,6917428,1,736,ACB
8,7.9334,38296174,1,736,ACB
9,11.5663,278563194,0,736,ACB
9,10.002,713942658,0,736,ACB
2,2.8014,97,1,738,CAB
3,0.9822,582,1,738,CAB
4,2.079,7286,1,738,CAB
5,2.9435,42731,1,738,CAB
6,4.2656,392487,1,738,CAB
7,11.0002,691742,0,738,CAB
7,6.9141,4179386,1,738,CAB
8,7.7775,38296174,1,738,CAB
9,16.9307,2783974,0,738,CAB
9,5.099,713942568,1,738,CAB
2,2.0964,97,1,739,BCA
3,1.4149,582,1,739,BCA
4,2.2119,7286,1,739,BCA
5,1.9656,42731,1,739,BCA
6,3.7283,392487,1,739,BCA
7,6.1989,6917428,1,739,BCA
8,14.3813,28396174,0,739,BCA
8,7.9145,81352647,0,739,BCA
2,5.2994,97,1,740,BCA
3,1.462,582,1,740,BCA
4,2.1109,7286,1,740,BCA
5,2.6257,42731,1,740,BCA
6,1.8783,392487,1,740,BCA
7,5.7676,69414728,0,740,BCA
7,4.6031,4179386,1,740,BCA
8,6.2827,382961784,0,740,BCA
8,8.2606,582362487,0,740,BCA
2,2.9433,97,1,741,ACB
3,2.3706,582,1,741,ACB
4,2.5086,7286,1,741,ACB
5,3.7904,42731,1,741,ACB
6,6.0058,392487,1,741,ACB
7,10.1792,6917428,1,741,ACB
8,12.0602,38296174,1,741,ACB
9,11.8874,275863194,1,741,ACB
2,2.5314,97,1,742,ABC
3,1.4645,582,1,742,ABC
4,2.1547,7286,1,742,ABC
5,2.2001,42731,1,742,ABC
6,3.5635,392487,1,742,ABC
7,4.5508,6917428,1,742,ABC
8,5.8325,38296174,1,742,ABC
9,5.0102,275863194,1,742,ABC
2,2.1002,97,1,743,CBA
3,0.6837,582,1,743,CBA
4,1.1832,7286,1,743,CBA
5,1.148,42731,1,743,CBA
6,1.7518,392487,1,743,CBA
7,2.6495,6947128,0,743,CBA
7,2.1819,4179386,1,743,CBA
8,2.1999,38296174,1,743,CBA
9,2.8494,271963184,0,743,CBA
9,3.8311,713958426,0,743,CBA
2,2.898,97,1,745,BAC
3,2.2652,582,1,745,BAC
4,3.3275,7286,1,745,BAC
5,3.0691,42731,1,745,BAC
6,6.0154,392487,1,745,BAC
7,8.8651,6914728,0,745,BAC
7,14.3098,4193786,0,745,BAC
2,3.3146,97,1,746,ABC
3,1.8827,582,1,746,ABC
4,3.9823,7286,1,746,ABC
5,3.849,42731,1,746,ABC
6,4.3327,39287,0,746,ABC
6,6.4655,61973,0,746,ABC
2,2.3432,97,1,747,ACB
3,2.7808,582,1,747,ACB
4,2.3988,7286,1,747,ACB
5,3.2773,42731,1,747,ACB
6,4.9005,392847,0,747,ACB
6,6.343,619473,1,747,ACB
7,6.3628,6917428,1,747,ACB
8,6.0133,38296174,1,747,ACB
9,6.7131,275863194,1,747,ACB
2,7.3421,97,1,748,ABC
3,3.9292,582,1,748,ABC
4,5.6112,7286,1,748,ABC
5,7.9256,42731,1,748,ABC
6,11.3723,392487,1,748,ABC
7,9.9899,6917428,1,748,ABC
8,10.9057,38296174,1,748,ABC
9,15.2182,275863194,1,748,ABC
2,2.3986,17,0,749,ABC
2,1.2163,9,0,749,ABC
2,1.7973,97,1,750,ABC
3,1.0484,582,1,750,ABC
4,1.6314,7286,1,750,ABC
5,2.4148,42731,1,750,ABC
6,3.1637,392487,1,750,ABC
7,3.2805,6971248,0,750,ABC
7,4.6292,4179826,0,750,ABC
2,2.0664,97,1,751,BAC
3,1.3505,582,1,751,BAC
4,2.1016,7286,1,751,BAC
5,4.4525,42731,1,751,BAC
6,5.6363,392487,1,751,BAC
7,5.4853,6917428,1,751,BAC
8,6.2369,38296174,1,751,BAC
9,5.886,275861914,0,751,BAC
9,6.0519,714396288,0,751,BAC
2,1.748,97,1,752,BCA
3,1.066,582,1,752,BCA
4,1.399,7286,1,752,BCA
5,2.132,42731,1,752,BCA
6,2.165,392487,1,752,BCA
7,3.082,6917428,1,752,BCA
8,8.283,36296142,0,752,BCA
8,6.05,58132687,0,752,BCA
2,3.4968,97,1,753,ACB
3,1.8123,582,1,753,ACB
4,1.5859,7286,1,753,ACB
5,2.103,42731,1,753,ACB
6,3.478,392487,1,753,ACB
7,3.4018,6917428,1,753,ACB
8,8.8458,38296174,1,753,ACB
9,9.3791,275819634,0,753,ACB
9,5.8971,713942568,1,753,ACB
2,2.4847,97,1,754,ABC
3,0.9009,582,1,754,ABC
4,1.9685,7286,1,754,ABC
5,2.4692,42731,1,754,ABC
6,2.1687,392487,1,754,ABC
7,3.2865,6917428,1,754,ABC
8,3.8703,3821674,0,754,ABC
8,5.5055,58132647,1,754,ABC
9,6.6566,271594,0,754,ABC
9,5.0548,7942568,0,754,ABC
2,4.651,97,1,755,CBA
3,1.801,582,1,755,CBA
4,2.848,7286,1,755,CBA
5,2.798,42731,1,755,CBA
6,4.748,392487,1,755,CBA
7,5.298,6917428,1,755,CBA
8,4.231,NA,0,755,CBA
8,4.866,58132467,0,755,CBA
2,3.8618,97,1,756,CAB
3,2.5831,582,1,756,CAB
4,2.2995,7286,1,756,CAB
5,3.5149,42731,1,756,CAB
6,4.3507,392487,1,756,CAB
7,8.3475,6917428,1,756,CAB
8,10.8218,38296174,1,756,CAB
9,14.0464,275863194,1,756,CAB
2,2.9318,97,1,758,BCA
3,1.5329,582,1,758,BCA
4,3.3661,7286,1,758,BCA
5,3.9496000000000002,427321,0,758,BCA
5,2.9827,75836,1,758,BCA
6,3.4995,392487,1,758,BCA
7,4.4329,697428,0,758,BCA
7,5.7992,4179836,0,758,BCA
2,2.0013,91,0,759,ABC
2,0.9491,63,1,759,ABC
3,1.1642,852,0,759,ABC
3,3.9783,694,1,759,ABC
4,3.1467,7286,1,759,ABC
5,4.5171,42731,1,759,ABC
6,4.029,392487,1,759,ABC
7,4.6821,6917248,0,759,ABC
7,3.7913,123,0,759,ABC
2,2.2484,97,1,760,ABC
3,1.9495,582,1,760,ABC
4,3.0496,7826,0,760,ABC
4,7.533,64639,0,760,ABC
2,2.0336,97,1,761,CBA
3,1.6663,582,1,761,CBA
4,3.3336,7286,1,761,CBA
5,3.2495,42731,1,761,CBA
6,5.3339,392487,1,761,CBA
7,7.6995,6791428,0,761,CBA
7,8.6825,419386,0,761,CBA
2,3.5546,97,1,762,CAB
3,1.9832,582,1,762,CAB
4,2.7875,7286,1,762,CAB
5,3.6922,42731,1,762,CAB
6,5.2076,392487,1,762,CAB
7,6.2402,6917428,1,762,CAB
8,6.9885,38296174,1,762,CAB
9,14.5624,275826194,0,762,CAB
9,8.0531,713942568,1,762,CAB
2,2.165,97,1,763,BAC
3,1.365,582,1,763,BAC
4,2.048,7286,1,763,BAC
5,2.565,42731,1,763,BAC
6,3.765,392487,1,763,BAC
7,4.63,6917248,0,763,BAC
7,5.415,4179386,1,763,BAC
8,5.181,38296174,1,763,BAC
9,9.248,275864194,0,763,BAC
9,11.146,917642968,0,763,BAC
2,5.6162,97,1,764,BCA
3,2.699,582,1,764,BCA
4,5.1275,7286,1,764,BCA
5,5.295,42731,1,764,BCA
6,7.7637,392487,1,764,BCA
7,10.8791,6917428,1,764,BCA
8,22.0448,38296174,1,764,BCA
9,12.0517,275863194,1,764,BCA
2,1.6814,97,1,765,ABC
3,1.0825,582,1,765,ABC
4,1.0992,7286,1,765,ABC
5,1.9154,42731,1,765,ABC
6,4.8631,392487,1,765,ABC
7,5.5968,6917428,1,765,ABC
8,3.9977,38927164,0,765,ABC
8,3.4812,58132647,1,765,ABC
9,6.4465,7318294,0,765,ABC
9,8.3288,71394368,0,765,ABC
2,2.6983,97,1,767,CBA
3,1.666,582,1,767,CBA
4,2.6667,7286,1,767,CBA
5,2.2999,42731,1,767,CBA
6,3.2162,392487,1,767,CBA
7,4.0665,6947128,0,767,CBA
7,5.1493,4193786,0,767,CBA
2,1.7325,97,1,769,BAC
3,1.1852,582,1,769,BAC
4,2.4361,7286,1,769,BAC
5,4.0809,428371,0,769,BAC
5,2.5332,75836,1,769,BAC
6,3.7666,392487,1,769,BAC
7,7.1656,69174958,0,769,BAC
7,4.9999,4179386,1,769,BAC
8,6.7491,3869417,0,769,BAC
8,6.446,58132647,1,769,BAC
9,8.2353,274568197,0,769,BAC
9,7.9657,71395438,0,769,BAC
2,2.9999,97,1,770,BCA
3,1.3321,582,1,770,BCA
4,3.132,7286,1,770,BCA
5,2.8681,42731,1,770,BCA
6,5.0299,392487,1,770,BCA
7,5.848,6917428,1,770,BCA
8,6.3808,32896714,0,770,BCA
8,4.9813,58312647,0,770,BCA
2,3.8652,97,1,771,ACB
3,2.8313,582,1,771,ACB
4,1.6011,7286,1,771,ACB
5,2.0204,42731,1,771,ACB
6,2.6166,392487,1,771,ACB
7,4.1753,6917428,1,771,ACB
8,3.5614,38296174,1,771,ACB
9,9.9827,2798637914,0,771,ACB
9,5.1963,713954268,0,771,ACB
2,1.36,97,1,772,ABC
3,0.678,582,1,772,ABC
4,1.216,7286,1,772,ABC
5,1.575,42731,1,772,ABC
6,2.527,392487,1,772,ABC
7,2.384,6917428,1,772,ABC
8,3.086,38296174,1,772,ABC
9,4.348,275863914,0,772,ABC
9,6.073,793142586,0,772,ABC
2,2.7328,97,1,773,CBA
3,1.0669,582,1,773,CBA
4,1.6842,7286,1,773,CBA
5,2.4176,42731,1,773,CBA
6,3.3682,392847,0,773,CBA
6,4.3182,619463,0,773,CBA
2,2.4471,97,1,775,BAC
3,1.4322,582,1,775,BAC
4,3.3982,7286,1,775,BAC
5,4.3815,72431,0,775,BAC
5,4.1983,75836,1,775,BAC
6,5.7476,392487,1,775,BAC
7,6.0142,6917428,1,775,BAC
8,12.8964,8236149,0,775,BAC
8,4.2485,58132467,0,775,BAC
2,2.5989,97,1,776,BCA
3,3.1668,582,1,776,BCA
4,3.1671,7286,1,776,BCA
5,4.5824,42731,1,776,BCA
6,8.9645,392478,0,776,BCA
6,6.3479,619473,1,776,BCA
7,9.2324,697428,0,776,BCA
7,8.2997,4179386,1,776,BCA
8,9.2375,38296174,1,776,BCA
9,11.865,275863194,1,776,BCA
2,1.6824,97,1,777,ABC
3,1.533,582,1,777,ABC
4,1.8337,7286,1,777,ABC
5,3.4175,42731,1,777,ABC
6,3.7846,392487,1,777,ABC
7,5.6691,6924178,0,777,ABC
7,6.653,4179386,1,777,ABC
8,8.3034,38296174,1,777,ABC
9,8.1869,275863194,1,777,ABC
2,1.6824,97,1,778,ABC
3,3.2143,582,1,778,ABC
4,2.0007,7286,1,778,ABC
5,4.0014,42731,1,778,ABC
6,8.3329,392478,0,778,ABC
6,3.1313,619473,1,778,ABC
7,3.7715,6917428,1,778,ABC
8,4.4346,64781,0,778,ABC
8,5.7519,58347,0,778,ABC
2,1.7322,97,1,779,CBA
3,1.0654,582,1,779,CBA
4,3.349,7286,1,779,CBA
5,2.432,42731,1,779,CBA
6,4.3482,392487,1,779,CBA
7,6.7155,6917428,1,779,CBA
8,2.2828,421,0,779,CBA
8,5.9815,58136741,0,779,CBA
2,1.5989,97,1,782,BCA
3,1.1661,582,1,782,BCA
4,1.8661,7286,1,782,BCA
5,3.7149,42731,1,782,BCA
6,4.7477,392487,1,782,BCA
7,10.096,6917428,1,782,BCA
8,21.9732,38291764,0,782,BCA
8,14.4764,58132647,1,782,BCA
9,35.9169,281753694,0,782,BCA
9,25.4878,71324698,0,782,BCA
2,4.6149,97,1,783,ABC
3,2.8491,582,1,783,ABC
4,5.3159,7826,0,783,ABC
4,4.7144,6439,1,783,ABC
5,4.9658,42731,1,783,ABC
6,10.5314,392487,1,783,ABC
7,13.5478,6917428,1,783,ABC
8,12.7648,38296174,1,783,ABC
9,9.8484,279863194,0,783,ABC
9,10.6484,796428,0,783,ABC
2,2.983,97,1,784,ABC
3,0.733,582,1,784,ABC
4,0.833,7286,1,784,ABC
5,1.1,42731,1,784,ABC
6,2.4,392487,1,784,ABC
7,3.568,6917428,1,784,ABC
8,10.784,38217614,0,784,ABC
8,5.416,58132647,1,784,ABC
9,9.384,276863914,0,784,ABC
9,8.366,713924568,0,784,ABC
2,3.266,97,1,786,CAB
3,1.167,582,1,786,CAB
4,2.101,7286,1,786,CAB
5,2.033,42731,1,786,CAB
6,2.917,392487,1,786,CAB
7,4.634,6917428,1,786,CAB
8,4.467,38296174,1,786,CAB
9,6.348,27563194,0,786,CAB
9,6.666,716942568,0,786,CAB
2,4.5151,97,1,789,ACB
3,4.1492000000000004,582,1,789,ACB
4,6.1325,7286,1,789,ACB
5,6.3487,42731,1,789,ACB
6,6.7492,392487,1,789,ACB
7,7.599,6917428,1,789,ACB
8,10.1658,38296174,1,789,ACB
9,9.4654,275863194,1,789,ACB
2,2.6779,97,1,790,ABC
3,0.8259,582,1,790,ABC
4,3.0695,7286,1,790,ABC
5,2.9341,42731,1,790,ABC
6,3.8953,349287,0,790,ABC
6,3.6788,619473,1,790,ABC
7,4.0698,6917428,1,790,ABC
8,5.3754,38296173,0,790,ABC
8,3.3226,58132647,1,790,ABC
9,3.9195,275863194,1,790,ABC
2,2.1659,97,1,792,CAB
3,1.8005,582,1,792,CAB
4,3.4828,7286,1,792,CAB
5,4.7163,42731,1,792,CAB
6,8.2358,39487,0,792,CAB
6,5.4364,619473,1,792,CAB
7,10.0314,691478,0,792,CAB
7,7.9045,417986,0,792,CAB
2,1.7807,97,1,793,BAC
3,1.5991,582,1,793,BAC
4,1.9995,7286,1,793,BAC
5,3.0487,42731,1,793,BAC
6,3.4152,392487,1,793,BAC
7,10.6306,6197428,0,793,BAC
7,3.8822,4179386,1,793,BAC
8,9.4646,38296174,1,793,BAC
9,6.7311,275689314,0,793,BAC
9,11.98,731947568,0,793,BAC
2,2.6585,97,1,794,BCA
3,1.5103,582,1,794,BCA
4,1.7613,7286,1,794,BCA
5,2.8749,42731,1,794,BCA
6,2.7586,392487,1,794,BCA
7,5.068,6917428,1,794,BCA
8,4.5367,38296174,1,794,BCA
9,7.5953,275169874,0,794,BCA
9,7.3628,713942568,1,794,BCA
2,1.7846,97,1,795,ACB
3,0.7325,582,1,795,ACB
4,2.2642,7286,1,795,ACB
5,1.7481,42731,1,795,ACB
6,4.3959,392487,1,795,ACB
7,2.9808,6917428,1,795,ACB
8,3.8466,38297164,0,795,ACB
8,4.4289,58132674,0,795,ACB
2,2.202,97,1,796,ABC
3,1.837,582,1,796,ABC
4,1.767,7286,1,796,ABC
5,2.475,42731,1,796,ABC
6,3.09,392487,1,796,ABC
7,4.869,6917428,1,796,ABC
8,8.251,38296174,1,796,ABC
9,8.091,2758363,0,796,ABC
9,8.258,79314582,0,796,ABC
2,2.7653,97,1,797,CBA
3,1.3617,582,1,797,CBA
4,2.135,7286,1,797,CBA
5,2.431,42731,1,797,CBA
6,5.1092,392487,1,797,CBA
7,6.2924,6914278,0,797,CBA
7,5.4183,4179386,1,797,CBA
8,6.4647,38296174,1,797,CBA
9,13.6419,275968194,0,797,CBA
9,6.9466,714932468,0,797,CBA
2,2.316,97,1,800,BCA
3,2.15,582,1,800,BCA
4,2.716,7286,1,800,BCA
5,2.525,42731,1,800,BCA
6,3.301,392487,1,800,BCA
7,5.052,6917428,1,800,BCA
8,5.868,38296174,1,800,BCA
9,6.538,275863194,1,800,BCA
2,3.0338,97,1,801,ABC
3,1.7677,582,1,801,ABC
4,1.6671,7286,1,801,ABC
5,4.1684,42731,1,801,ABC
6,7.6028,392478,0,801,ABC
6,4.4016,619473,1,801,ABC
7,5.5354,6917428,1,801,ABC
8,7.5027,38147684,0,801,ABC
8,7.7198,5817684,0,801,ABC
2,3.5583,97,1,802,ABC
3,2.1319,582,1,802,ABC
4,2.2968,7286,1,802,ABC
5,2.3813,42731,1,802,ABC
6,2.842,392487,1,802,ABC
7,6.5296,6917428,1,802,ABC
8,5.0618,38291674,0,802,ABC
8,9.7116,5382467,0,802,ABC
2,6.1705,97,1,803,CBA
3,1.8638,582,1,803,CBA
4,3.6271,7286,1,803,CBA
5,2.6943,42731,1,803,CBA
6,3.3774,392487,1,803,CBA
7,5.0247,6917428,1,803,CBA
8,7.0378,38692174,0,803,CBA
8,6.7546,58132647,1,803,CBA
9,9.9818,275863194,1,803,CBA
2,2.1796,97,1,804,CAB
3,2.1843,582,1,804,CAB
4,1.4655,7286,1,804,CAB
5,2.3614,42731,1,804,CAB
6,2.8307,392487,1,804,CAB
7,5.6646,6917428,1,804,CAB
8,6.3483,38962174,0,804,CAB
8,4.2469,5813647,0,804,CAB
2,3.6783,97,1,805,BAC
3,1.6323,582,1,805,BAC
4,4.1289,7826,0,805,BAC
4,2.9469,6439,1,805,BAC
5,4.1797,42731,1,805,BAC
6,3.6795,394287,0,805,BAC
6,3.8796,61973,0,805,BAC
2,2.0149,97,1,806,ABC
3,1.4022,582,1,806,ABC
4,2.0173,7286,1,806,ABC
5,9.4005,47321,0,806,ABC
5,4.5162,75836,1,806,ABC
6,4.9518,392487,1,806,ABC
7,8.7502,6917428,1,806,ABC
8,6.9836,38296174,1,806,ABC
9,14.5992,275693194,0,806,ABC
9,9.3999,79568,0,806,ABC
2,2.5514,97,1,808,ABC
3,1.2659,582,1,808,ABC
4,1.8495,7286,1,808,ABC
5,2.2163,42731,1,808,ABC
6,3.0161,392487,1,808,ABC
7,5.4619,6915728,0,808,ABC
7,4.8811,41729386,0,808,ABC
2,1.8267,NA,0,809,CBA
2,1.2314,63,1,809,CBA
3,0.7153,582,1,809,CBA
4,2.0791,7286,1,809,CBA
5,3.6644,42731,1,809,CBA
6,5.5306,39427,0,809,CBA
6,5.2947,619473,1,809,CBA
7,5.7456,6917428,1,809,CBA
8,7.9279,38296174,1,809,CBA
9,7.4288,275863194,1,809,CBA
2,2.3512,97,1,810,CAB
3,1.9005,582,1,810,CAB
4,3.4184,7286,1,810,CAB
5,3.5684,42731,1,810,CAB
6,3.3518,39287,0,810,CAB
6,5.5693,614973,0,810,CAB
2,2.5983,97,1,811,BAC
3,2.3325,582,1,811,BAC
4,2.2993,7286,1,811,BAC
5,2.4825,42731,1,811,BAC
6,5.2318,392487,1,811,BAC
7,5.198,691478,0,811,BAC
7,30.6072,417986,0,811,BAC
2,1.9509,97,1,812,BCA
3,1.2019,582,1,812,BCA
4,1.7981,7286,1,812,BCA
5,2.581,42731,1,812,BCA
6,4.0981,392487,1,812,BCA
7,3.4326,6914278,0,812,BCA
7,4.4174,4179386,1,812,BCA
8,8.3991,38296174,1,812,BCA
9,6.8359,NA,0,812,BCA
9,7.5834,71394256,0,812,BCA
2,3.5785,97,1,813,ACB
3,1.3985,582,1,813,ACB
4,2.1327,7286,1,813,ACB
5,2.8298,42731,1,813,ACB
6,3.2978,392487,1,813,ACB
7,5.5123,6917428,1,813,ACB
8,6.4297,38296174,1,813,ACB
9,10.295,275863194,1,813,ACB
2,1.6651,97,1,814,ABC
3,1.8658,582,1,814,ABC
4,2.7152,7826,0,814,ABC
4,2.8655,6439,1,814,ABC
5,4.1149,42731,1,814,ABC
6,7.9958,394287,0,814,ABC
6,4.2816,619473,1,814,ABC
7,5.0311,696718,0,814,ABC
7,7.8133,4297386,0,814,ABC
2,1.5635,97,1,815,CBA
3,1.6671,582,1,815,CBA
4,2.7147,7286,1,815,CBA
5,2.2332,42731,1,815,CBA
6,5.0809,392847,0,815,CBA
6,5.2982,619473,1,815,CBA
7,4.6979,6914782,0,815,CBA
7,5.9813,4179386,1,815,CBA
8,9.6138,38296174,1,815,CBA
9,6.0145,287563914,0,815,CBA
9,5.2148,7319426,0,815,CBA
2,1.9931,97,1,816,CAB
3,0.8834,582,1,816,CAB
4,3.2508,7286,1,816,CAB
5,1.717,42731,1,816,CAB
6,9.4733,392487,1,816,CAB
7,3.8341,6917428,1,816,CAB
8,7.2519,38296174,1,816,CAB
9,8.3025,275863194,1,816,CAB
2,2.099,97,1,817,BAC
3,0.65,82,0,817,BAC
3,1.6832,694,1,817,BAC
4,3.0328,7286,1,817,BAC
5,2.5328,42731,1,817,BAC
6,3.5661,394287,0,817,BAC
6,5.882,695473,0,817,BAC
2,1.7145,97,1,818,ABC
3,2.019,582,1,818,ABC
4,2.1015,7286,1,818,ABC
5,3.3341,42731,1,818,ABC
6,4.3499,89247,0,818,ABC
6,5.9847,619473,1,818,ABC
7,3.8671,6917428,1,818,ABC
8,5.8157,3829674,0,818,ABC
8,10.9176,5893125467,0,818,ABC
2,2.6372,97,1,819,ABC
3,1.8935,582,1,819,ABC
4,2.5757,7286,1,819,ABC
5,4.0708,42731,1,819,ABC
6,5.2839,392487,1,819,ABC
7,4.4192,6917428,1,819,ABC
8,5.8153,38296174,1,819,ABC
9,11.601,27683964,0,819,ABC
9,26.0108,713943568,0,819,ABC
2,2.2671,97,1,820,ABC
3,1.8644,582,1,820,ABC
4,3.0029,7826,0,820,ABC
4,7.343,6439,1,820,ABC
5,6.436,42731,1,820,ABC
6,3.437,392487,1,820,ABC
7,6.8387,6917428,1,820,ABC
8,6.2145,38296174,1,820,ABC
9,6.5211,27586314,0,820,ABC
9,7.0651,713942568,1,820,ABC
2,2.912,97,1,823,ABC
3,1.1636,582,1,823,ABC
4,3.9103,7286,1,823,ABC
5,3.647,42731,1,823,ABC
6,4.0972,392487,1,823,ABC
7,4.901,9671428,0,823,ABC
7,6.981,4179386,1,823,ABC
8,8.4975,3896274,0,823,ABC
8,7.9972,38987,0,823,ABC
2,2.6042,97,1,824,BCA
3,1.5635,582,1,824,BCA
4,1.1639,7286,1,824,BCA
5,1.6062,42731,1,824,BCA
6,2.0369,392487,1,824,BCA
7,9.2924,694718,0,824,BCA
7,3.8118,4178936,0,824,BCA
2,3.1881,97,1,825,ACB
3,2.0893,582,1,825,ACB
4,3.0552,7286,1,825,ACB
5,2.9902,42731,1,825,ACB
6,4.4912,39287,0,825,ACB
6,5.0206,619473,1,825,ACB
7,7.0376,6197428,0,825,ACB
7,9.2914,419386,0,825,ACB
2,4.5813,97,1,827,CBA
3,2.1493,582,1,827,CBA
4,3.3996,7286,1,827,CBA
5,2.733,42731,1,827,CBA
6,3.5999,392487,1,827,CBA
7,7.1658,6917428,1,827,CBA
8,8.0326,38296174,1,827,CBA
9,7.916,27986314,0,827,CBA
9,10.4169,713942568,1,827,CBA
2,4.369,97,1,828,ABC
3,1.1656,582,1,828,ABC
4,2.1316,7286,1,828,ABC
5,2.943,42731,1,828,ABC
6,3.3984,392487,1,828,ABC
7,5.2483,697428,0,828,ABC
7,5.6644,417921386,0,828,ABC
2,2.252,97,1,829,BAC
3,1.779,582,1,829,BAC
4,1.803,7286,1,829,BAC
5,1.668,42731,1,829,BAC
6,5.481,392487,1,829,BAC
7,4.354,6917428,1,829,BAC
8,6.518,38926174,0,829,BAC
8,3.732,58132647,1,829,BAC
9,7.952,78296394,0,829,BAC
9,6.365,71392468,0,829,BAC
2,3.5835,97,1,830,BCA
3,3.1972,582,1,830,BCA
4,7.4621,7286,1,830,BCA
5,3.4855,42731,1,830,BCA
6,5.4475,392487,1,830,BCA
7,9.5432,6917428,1,830,BCA
8,9.8105,38296174,1,830,BCA
9,9.0035,275863194,1,830,BCA
2,3.8569,97,1,831,ABC
3,5.6177,582,1,831,ABC
4,3.8784,7286,1,831,ABC
5,8.1571,42731,1,831,ABC
6,5.1373,392487,1,831,ABC
7,12.6158,6917248,0,831,ABC
7,10.3175,4179386,1,831,ABC
8,181.9728,3829641,0,831,ABC
8,6.8181,58132647,1,831,ABC
9,10.7361,275863194,1,831,ABC
2,2.5324,97,1,832,ABC
3,1.2164,582,1,832,ABC
4,2.3663,7286,1,832,ABC
5,5.216,42731,1,832,ABC
6,4.7159,392487,1,832,ABC
7,5.1491,6917428,1,832,ABC
8,6.4155,38296174,1,832,ABC
9,5.4491,275863194,1,832,ABC
2,4.1105,97,1,833,ABC
3,1.2642,582,1,833,ABC
4,2.8129,7286,1,833,ABC
5,3.4956,42731,1,833,ABC
6,3.6792,392487,1,833,ABC
7,3.2634,68148,0,833,ABC
7,5.1439,41783986,0,833,ABC
2,4.3806,97,1,839,CBA
3,1.984,582,1,839,CBA
4,3.2829,7286,1,839,CBA
5,2.5687,42731,1,839,CBA
6,6.7821,392487,1,839,CBA
7,6.7317,6917428,1,839,CBA
8,7.1839,3829174,0,839,CBA
8,21.0825,582317,0,839,CBA
2,2.8626,97,1,840,CAB
3,3.1295,582,1,840,CAB
4,2.7966,7286,1,840,CAB
5,4.9107,42731,1,840,CAB
6,6.2259,392487,1,840,CAB
7,9.7071,6971428,0,840,CAB
7,7.2911,417386,0,840,CAB
2,3.0603,97,1,841,BAC
3,3.3747,582,1,841,BAC
4,3.159,7286,1,841,BAC
5,3.4266,42731,1,841,BAC
6,18.394,392487,1,841,BAC
7,25.221,6912748,0,841,BAC
7,28.7471,391276,0,841,BAC
2,2.9983,97,1,843,ACB
3,1.2495,582,1,843,ACB
4,1.6489,7286,1,843,ACB
5,1.7325,42731,1,843,ACB
6,3.9658,392487,1,843,ACB
7,6.7655,6914728,0,843,ACB
7,13.1481,4179386,1,843,ACB
8,9.5321,38297164,0,843,ACB
8,94.5587,58613247,0,843,ACB
2,2.1167,97,1,844,ABC
3,1.9821,582,1,844,ABC
4,3.083,7286,1,844,ABC
5,3.0166,42731,1,844,ABC
6,5.4679,392487,1,844,ABC
7,3.867,6971428,0,844,ABC
7,4.5328,4179386,1,844,ABC
8,7.3502,38219674,0,844,ABC
8,6.9849,58132764,0,844,ABC
2,1.7615,97,1,846,CAB
3,1.3666,582,1,846,CAB
4,4.2337,7826,0,846,CAB
4,2.0503,6439,1,846,CAB
5,3.3007,42731,1,846,CAB
6,14.0385,39847,0,846,CAB
6,3.9169,619473,1,846,CAB
7,6.0639,6917428,1,846,CAB
8,8.4191,3684917,0,846,CAB
8,11.2033,5832947,0,846,CAB
2,2.0958,97,1,848,BCA
3,1.7803,582,1,848,BCA
4,2.0638,7286,1,848,BCA
5,2.8128,42731,1,848,BCA
6,4.4268,394287,0,848,BCA
6,4.0608,619473,1,848,BCA
7,5.3588,6917428,1,848,BCA
8,4.7599,382174,0,848,BCA
8,4.9259,5832167,0,848,BCA
2,2.3144,97,1,849,ACB
3,2.9822,582,1,849,ACB
4,3.3663,7286,1,849,ACB
5,4.2831,42731,1,849,ACB
6,6.1799,392487,1,849,ACB
7,9.3987,6947128,0,849,ACB
7,7.4653,419718,0,849,ACB
2,1.7492,97,1,850,ABC
3,3.0165,582,1,850,ABC
4,2.2027,7286,1,850,ABC
5,2.4322,42731,1,850,ABC
6,3.4852,392487,1,850,ABC
7,4.2999,6917428,1,850,ABC
8,12.1013,3829174,0,850,ABC
8,5.6509,58132647,1,850,ABC
9,6.8517,275863194,1,850,ABC
2,1.5664,97,1,852,CAB
3,2.8168,582,1,852,CAB
4,3.5159,7286,1,852,CAB
5,4.5669,42731,1,852,CAB
6,8.4179,3294587,0,852,CAB
6,7.1169,6195647,0,852,CAB
2,2.417,97,1,854,BCA
3,1.0656,582,1,854,BCA
4,3.734,7286,1,854,BCA
5,2.7503,42731,1,854,BCA
6,2.9488,392487,1,854,BCA
7,4.2667,691748,0,854,BCA
7,7.0011,4179386,1,854,BCA
8,7.8334,382974,0,854,BCA
8,4.7667,58132467,0,854,BCA
2,1.954,97,1,855,ACB
3,1.6708,582,1,855,ACB
4,2.5061,7286,1,855,ACB
5,2.456,42731,1,855,ACB
6,4.6609,392487,1,855,ACB
7,5.1628,6917428,1,855,ACB
8,11.3164,38296724,0,855,ACB
8,5.5201,58123487,0,855,ACB
2,2.9823,97,1,856,ABC
3,3.7506,582,1,856,ABC
4,4.015,7286,1,856,ABC
5,5.5822,42731,1,856,ABC
6,10.7824,392487,1,856,ABC
7,9.75,6917428,1,856,ABC
8,9.451,38296174,1,856,ABC
9,13.9167,257863194,0,856,ABC
9,11.4668,713942658,0,856,ABC
2,2.1806,97,1,857,CBA
3,2.2985,582,1,857,CBA
4,2.7499,7286,1,857,CBA
5,3.2639,42731,1,857,CBA
6,4.3293,392487,1,857,CBA
7,9.5606,6914728,0,857,CBA
7,5.9612,4973286,0,857,CBA
2,3.8993,97,1,859,BAC
3,1.397,582,1,859,BAC
4,1.8003,7286,1,859,BAC
5,1.4455,42731,1,859,BAC
6,4.275,392487,1,859,BAC
7,2.3628,6917428,1,859,BAC
8,4.4139,38296174,1,859,BAC
9,5.0814,275863194,1,859,BAC
2,2.116,97,1,860,BCA
3,2.3646,582,1,860,BCA
4,2.7178,7286,1,860,BCA
5,3.6174,42731,1,860,BCA
6,5.2673,392487,1,860,BCA
7,5.7666,694278,0,860,BCA
7,6.4492,419738,0,860,BCA
2,1.9483,97,1,863,CBA
3,2.0654,582,1,863,CBA
4,2.2656,7286,1,863,CBA
5,2.8645,42731,1,863,CBA
6,4.7968,392487,1,863,CBA
7,4.9972,6917428,1,863,CBA
8,14.2083,38692174,0,863,CBA
8,8.8115,58132647,1,863,CBA
9,30.2336,52671894,0,863,CBA
9,12.4266,713946258,0,863,CBA
2,2.9145,97,1,865,BAC
3,2.0653,582,1,865,BAC
4,2.8338,7286,1,865,BAC
5,4.533,47321,0,865,BAC
5,21.9348,75836,1,865,BAC
6,5.0818,392487,1,865,BAC
7,10.2164,6971248,0,865,BAC
7,7.9686,419368,0,865,BAC
2,2.9504,97,1,866,BCA
3,1.6169,582,1,866,BCA
4,2.4833,7286,1,866,BCA
5,3.3184,42731,1,866,BCA
6,5.9398,392487,1,866,BCA
7,5.201,6917428,1,866,BCA
8,7.2232,38296174,1,866,BCA
9,5.9836,275863194,1,866,BCA
2,2.5752,97,1,867,ACB
3,1.2142,582,1,867,ACB
4,1.9767,7286,1,867,ACB
5,1.981,42731,1,867,ACB
6,2.8438,392487,1,867,ACB
7,12.1996,6917428,1,867,ACB
8,19.0253,692874,0,867,ACB
8,18.3771,53816427,0,867,ACB
2,2.8646,97,1,868,ABC
3,1.0998000000000001,582,1,868,ABC
4,1.5158,7286,1,868,ABC
5,1.416,42731,1,868,ABC
6,3.3489,392487,1,868,ABC
7,3.1322,6917248,0,868,ABC
7,3.8648,4973186,0,868,ABC
2,2.3996,97,1,869,CBA
3,1.951,582,1,869,CBA
4,2.314,7286,1,869,CBA
5,2.5171,42731,1,869,CBA
6,4.0178,392487,1,869,CBA
7,5.1508,6917428,1,869,CBA
8,10.4525,38296714,0,869,CBA
8,9.7483,582647,0,869,CBA
2,3.1154,97,1,871,BAC
3,3.3367,582,1,871,BAC
4,4.7554,7286,1,871,BAC
5,4.8883,42731,1,871,BAC
6,9.1596,392487,1,871,BAC
7,14.5826,68917428,0,871,BAC
7,11.2448,4173986,0,871,BAC
2,1.5497,97,1,872,BCA
3,1.5001,582,1,872,BCA
4,1.8669,7286,1,872,BCA
5,2.7835,42731,1,872,BCA
6,3.1335,392487,1,872,BCA
7,4.7002,6974128,0,872,BCA
7,4.2149,4179386,1,872,BCA
8,5.1838,38296174,1,872,BCA
9,7.3167,27586314,0,872,BCA
9,10.8503,713956428,0,872,BCA
2,2.5641,97,1,875,CBA
3,3.6151,582,1,875,CBA
4,4.7988,7286,1,875,CBA
5,3.9991,42731,1,875,CBA
6,4.6478,392487,1,875,CBA
7,5.6984,6917428,1,875,CBA
8,6.599,38296174,1,875,CBA
9,9.8308,275863194,1,875,CBA
2,1.8473,97,1,876,CAB
3,1.5992,582,1,876,CAB
4,1.8324,7286,1,876,CAB
5,3.2657,42731,1,876,CAB
6,3.6486,392487,1,876,CAB
7,3.8981,6917428,1,876,CAB
8,9.5479,38291764,0,876,CAB
8,10.1308,5823467,0,876,CAB
2,2.4184,97,1,877,ABC
3,1.365,582,1,877,ABC
4,3.529,7286,1,877,ABC
5,2.8914,42731,1,877,ABC
6,3.3623,392487,1,877,ABC
7,7.819,6917428,1,877,ABC
8,13.2972,3869274,0,877,ABC
8,6.4052,58372617,0,877,ABC
2,2.116,97,1,880,ABC
3,2.43,582,1,880,ABC
4,2.375,7286,1,880,ABC
5,10.532,42717,0,880,ABC
5,3.332,75836,1,880,ABC
6,4.217,39248,0,880,ABC
6,7.766,619473,1,880,ABC
7,5.116,691748,0,880,ABC
7,6.517,4179386,1,880,ABC
8,8.333,38296174,1,880,ABC
9,11.217,28575941,0,880,ABC
9,6.25,39425678,0,880,ABC
2,2.6487,97,1,881,CBA
3,2.8953,582,1,881,CBA
4,3.3311,7286,1,881,CBA
5,3.1357,42731,1,881,CBA
6,4.2291,392487,1,881,CBA
7,6.2272,694728,0,881,CBA
7,8.8774,493786,0,881,CBA
2,4.3661,97,1,882,CAB
3,2.4007,582,1,882,CAB
4,2.367,7286,1,882,CAB
5,3.3667,42731,1,882,CAB
6,5.4324,392487,1,882,CAB
7,7.9339,6917428,1,882,CAB
8,7.8164,38296174,1,882,CAB
9,10.3998,275863194,1,882,CAB
2,2.267,97,1,885,ABC
3,1.75,582,1,885,ABC
4,1.3494,7286,1,885,ABC
5,2.1816,42731,1,885,ABC
6,2.8833,392487,1,885,ABC
7,4.6846,6497128,0,885,ABC
7,5.8484,4179386,1,885,ABC
8,5.6988,38297614,0,885,ABC
8,3.7137,58132467,0,885,ABC
2,2.4147,97,1,887,CBA
3,2.1832,582,1,887,CBA
4,4.2831,7286,1,887,CBA
5,4.549,42731,1,887,CBA
6,9.0163,392487,1,887,CBA
7,10.182,6914728,0,887,CBA
7,21.9166,4179468,0,887,CBA
2,3.7476,97,1,888,CAB
3,2.1487,582,1,888,CAB
4,3.0994,7286,1,888,CAB
5,3.6823,42731,1,888,CAB
6,41.0609,782,0,888,CAB
6,3.8152,619473,1,888,CAB
7,12.7637,68742,0,888,CAB
7,6.6318,61794386,0,888,CAB
2,3.0326,97,1,889,BAC
3,1.665,582,1,889,BAC
4,1.3975,7286,1,889,BAC
5,2.4826,42731,1,889,BAC
6,4.4207,392478,0,889,BAC
6,3.8672,619473,1,889,BAC
7,7.1662,6917428,1,889,BAC
8,9.9876,38296174,1,889,BAC
9,8.3036,27586394,0,889,BAC
9,14.3028,713942568,1,889,BAC
2,3.4426,97,1,892,ABC
3,1.8639,582,1,892,ABC
4,2.2479,7286,1,892,ABC
5,2.3641,42731,1,892,ABC
6,4.4451,392487,1,892,ABC
7,4.6269,6917428,1,892,ABC
8,6.2601,38296174,1,892,ABC
9,7.459,275861394,0,892,ABC
9,8.7258,713925468,0,892,ABC
2,1.945,97,1,895,BAC
3,1.329,582,1,895,BAC
4,1.5002,7286,1,895,BAC
5,3.5329,42731,1,895,BAC
6,4.568,392487,1,895,BAC
7,4.2164,6971428,0,895,BAC
7,6.5336,4179846,0,895,BAC
2,2.8149,97,1,896,BCA
3,2.6663,582,1,896,BCA
4,4.4658,7286,1,896,BCA
5,4.198,42731,1,896,BCA
6,4.2654,392487,1,896,BCA
7,7.5484,6917428,1,896,BCA
8,5.665,38296714,0,896,BCA
8,9.2647,583162974,0,896,BCA
2,4.3622,97,1,897,ACB
3,2.1302,582,1,897,ACB
4,2.8295,7286,1,897,ACB
5,3.0129,42731,1,897,ACB
6,4.5952,392487,1,897,ACB
7,4.8101,6917428,1,897,ACB
8,5.1281,38296174,1,897,ACB
9,7.4259,275863194,1,897,ACB
2,2.28358,97,1,901,BAC
3,1.30166,582,1,901,BAC
4,1.96884,7286,1,901,BAC
5,7.874755,74231,0,901,BAC
5,3.35473,75836,1,901,BAC
6,5.238685,392487,1,901,BAC
7,9.610535,6941728,0,901,BAC
7,10.994765,7491376,0,901,BAC
2,1.8819,97,1,902,BCA
3,1.5161,582,1,902,BCA
4,2.4328,7286,1,902,BCA
5,2.8995,42731,1,902,BCA
6,5.7321,493827,0,902,BCA
6,6.9653,619473,1,902,BCA
7,7.2654,6194728,0,902,BCA
7,4.2987,4197386,0,902,BCA
2,3.744485,97,1,908,ABC
3,2.830525,582,1,908,ABC
4,2.230685,7286,1,908,ABC
5,4.928005,42731,1,908,ABC
6,5.145015,392487,1,908,ABC
7,6.34317,6917428,1,908,ABC
8,8.691055,38297624,0,908,ABC
8,6.459925,58132467,0,908,ABC
2,3.221335,97,1,914,BCA
3,1.48572,582,1,914,BCA
4,2.921655,7286,1,914,BCA
5,1.65273,42731,1,914,BCA
6,2.921685,392487,1,914,BCA
7,4.09029,6917428,1,914,BCA
8,8.99862,3829147,0,914,BCA
8,11.686725,58132647,1,914,BCA
9,1.719715,1233457865,0,914,BCA
9,2.83793,765421,0,914,BCA
2,2.38154,97,1,916,ABC
3,1.748045,582,1,916,ABC
4,2.76472,7286,1,916,ABC
5,5.014265,42731,1,916,ABC
6,6.297065,392487,1,916,ABC
7,8.680255,697428,0,916,ABC
7,11.86365,4917386,0,916,ABC
2,2.134085,97,1,917,CBA
3,2.665775,582,1,917,CBA
4,2.899855,7286,1,917,CBA
5,3.985545,42731,1,917,CBA
6,7.08381,392487,1,917,CBA
7,5.7004,6914728,0,917,CBA
7,12.19934,4179386,1,917,CBA
8,10.438915,3821784,0,917,CBA
8,7.033735,58132487,0,917,CBA
2,1.71617,97,1,918,CAB
3,1.48317,582,1,918,CAB
4,30.53229,7286,1,918,CAB
5,4.06646,42731,1,918,CAB
6,4.716465,392487,1,918,CAB
7,5.86638,7917428,0,918,CAB
7,4.28315,4179386,1,918,CAB
8,9.666285,3829694,0,918,CAB
8,8.016355,58132647,1,918,CAB
9,7.782995,275863194,1,918,CAB
2,3.132125,97,1,919,BAC
3,1.39987,582,1,919,BAC
4,2.665875,7286,1,919,BAC
5,3.58251,42731,1,919,BAC
6,7.699465,394827,0,919,BAC
6,7.63179,6194673,0,919,BAC
2,1.52937,97,1,920,BCA
3,2.231855,582,1,920,BCA
4,2.58122,7286,1,920,BCA
5,3.148575,42731,1,920,BCA
6,4.297955,392487,1,920,BCA
7,4.548155,6974218,0,920,BCA
7,7.063075,49729376,0,920,BCA
2,2.01277,97,1,922,ABC
3,1.981075,582,1,922,ABC
4,1.681045,7286,1,922,ABC
5,1.96413,42731,1,922,ABC
6,5.394205,392487,1,922,ABC
7,4.395035,6117428,0,922,ABC
7,4.16215,4179386,1,922,ABC
8,6.043655,38296174,1,922,ABC
9,6.876005,271863974,0,922,ABC
9,6.060215,713942568,1,922,ABC
2,3.31695,97,1,925,BAC
3,1.80824,582,1,925,BAC
4,2.63758,7286,1,925,BAC
5,3.781425,42731,1,925,BAC
6,5.23216,392487,1,925,BAC
7,6.71481,6917428,1,925,BAC
8,6.56436,39816274,0,925,BAC
8,7.697705,38765427,0,925,BAC
2,2.98323,97,1,927,ACB
3,1.16608,582,1,927,ACB
4,1.949855,7286,1,927,ACB
5,2.617545,42731,1,927,ACB
6,2.399355,392487,1,927,ACB
7,5.349475,6917428,1,927,ACB
8,24.8314,38296174,1,927,ACB
9,6.565965,275863194,1,927,ACB
2,1.89929,97,1,928,ABC
3,1.382325,582,1,928,ABC
4,1.74972,7286,1,928,ABC
5,14.999185,4721,0,928,ABC
5,2.216395,75836,1,928,ABC
6,2.849505,392487,1,928,ABC
7,4.315935,6941728,0,928,ABC
7,8.11663,497186,0,928,ABC
2,2.89011,97,1,929,CBA
3,1.10205,582,1,929,CBA
4,1.772965,7286,1,929,CBA
5,2.455545,42731,1,929,CBA
6,3.208435,392487,1,929,CBA
7,3.694535,6917428,1,929,CBA
8,4.72951,3189647,0,929,CBA
8,5.514545,58132647,1,929,CBA
9,6.41735,27586914,0,929,CBA
9,3.760515,NA,0,929,CBA
2,7.562,97,1,930,CAB
3,2.5169,582,1,930,CAB
4,3.0821,7286,1,930,CAB
5,4.9158,42731,1,930,CAB
6,5.4992,392487,1,930,CAB
7,7.5836,6917428,1,930,CAB
8,8.5491,38296174,1,930,CAB
9,14.5464,275863194,1,930,CAB
2,2.3585,97,1,931,BAC
3,1.7611,582,1,931,BAC
4,2.3626,7286,1,931,BAC
5,3.194,42731,1,931,BAC
6,3.443,392487,1,931,BAC
7,4.4094,6914728,0,931,BAC
7,6.419,417936,0,931,BAC
2,2.55108,97,1,932,BCA
3,1.431555,582,1,932,BCA
4,1.69949,7286,1,932,BCA
5,3.4606,42731,1,932,BCA
6,4.36894,394827,0,932,BCA
6,6.14224,619473,1,932,BCA
7,7.09903,6197428,0,932,BCA
7,6.35271,4971386,0,932,BCA
2,2.1491,97,1,936,CAB
3,0.89864,582,1,936,CAB
4,2.166745,7286,1,936,CAB
5,4.263905,428731,0,936,CAB
5,5.197605,75836,1,936,CAB
6,2.28306,392487,1,936,CAB
7,12.143755,69183428,0,936,CAB
7,9.661225,7431986,0,936,CAB
2,5.080805,97,1,938,BCA
3,1.94948,582,1,938,BCA
4,4.649895,7286,1,938,BCA
5,3.332925,42731,1,938,BCA
6,6.633265,392487,1,938,BCA
7,5.29998,6917428,1,938,BCA
8,7.883385,38296174,1,938,BCA
9,3.233925,NA,0,938,BCA
9,6.333125,NA,0,938,BCA
2,3.93221,97,1,940,ABC
3,1.983585,582,1,940,ABC
4,9.80032,7826,0,940,ABC
4,3.59983,6439,1,940,ABC
5,3.633305,42731,1,940,ABC
6,10.850335,439287,0,940,ABC
6,14.666485,64,0,940,ABC
2,1.99828,97,1,941,CBA
3,1.6166,582,1,941,CBA
4,2.048935,7286,1,941,CBA
5,3.299025,427831,0,941,CBA
5,2.599635,75836,1,941,CBA
6,4.86551,392487,1,941,CBA
7,6.04898,691428,0,941,CBA
7,6.247575,4179836,0,941,CBA
2,1.695695,97,1,942,CAB
3,1.166085,582,1,942,CAB
4,1.465865,7286,1,942,CAB
5,5.29878,42731,1,942,CAB
6,2.16643,392487,1,942,CAB
7,3.600105,6917428,1,942,CAB
8,7.7833,38296174,1,942,CAB
9,9.348935,27586394,0,942,CAB
9,14.533005,7134258,0,942,CAB
2,3.16605,97,1,943,BAC
3,1.251155,582,1,943,BAC
4,2.41945,7286,1,943,BAC
5,2.133575,42731,1,943,BAC
6,3.382645,392487,1,943,BAC
7,3.0519,6917428,1,943,BAC
8,4.981205,32896174,0,943,BAC
8,5.26625,58134627,0,943,BAC
2,2.59943,97,1,945,ACB
3,1.93353,582,1,945,ACB
4,2.048775,7286,1,945,ACB
5,2.182735,42731,1,945,ACB
6,3.449495,392487,1,945,ACB
7,7.701075,6917428,1,945,ACB
8,8.083025,32897146,0,945,ACB
8,4.816455,51832647,0,945,ACB
2,2.5954,97,1,947,CBA
3,1.7146,582,1,947,CBA
4,2.797,7286,1,947,CBA
5,2.8966,42731,1,947,CBA
6,4.5455,394287,0,947,CBA
6,5.8272,619473,1,947,CBA
7,13.486,6941728,0,947,CBA
7,4.4617000000000004,4179386,1,947,CBA
8,4.2626,38296174,1,947,CBA
9,9.541,28716934,0,947,CBA
9,9.3394,713942568,1,947,CBA
2,2.965355,97,1,948,CAB
3,1.799925,582,1,948,CAB
4,4.00015,7286,1,948,CAB
5,2.567045,42731,1,948,CAB
6,4.66638,392487,1,948,CAB
7,5.566805,6917428,1,948,CAB
8,8.53516,38296714,0,948,CAB
8,6.633755,58132647,1,948,CAB
9,9.950455,275463194,0,948,CAB
9,6.10028,71394568,0,948,CAB
2,2.35098,97,1,949,BAC
3,1.017615,582,1,949,BAC
4,1.851185,7286,1,949,BAC
5,2.266895,42731,1,949,BAC
6,3.31788,329487,0,949,BAC
6,5.135475,619473,1,949,BAC
7,4.61854,6017428,0,949,BAC
7,3.551025,4179386,1,949,BAC
8,3.966395,32986174,0,949,BAC
8,7.120495,58132647,1,949,BAC
9,7.053745,275863194,1,949,BAC
2,2.12337,97,1,950,BCA
3,0.73537,582,1,950,BCA
4,2.725215,7286,1,950,BCA
5,3.161095,42731,1,950,BCA
6,15.568045,392487,1,950,BCA
7,9.095035,6917428,1,950,BCA
8,5.50054,38296174,1,950,BCA
9,1.75593,NA,0,950,BCA
9,14.31379,71394258,0,950,BCA
2,2.82909,97,1,951,ACB
3,2.49701,582,1,951,ACB
4,3.095005,7286,1,951,ACB
5,3.04908,42731,1,951,ACB
6,3.66199,392487,1,951,ACB
7,6.926695,69417218,0,951,ACB
7,6.44303,41793,0,951,ACB
2,2.81408,97,1,952,ABC
3,1.520485,582,1,952,ABC
4,7.397615,7286,1,952,ABC
5,3.4982,42731,1,952,ABC
6,5.348495,392487,1,952,ABC
7,5.28069,6917428,1,952,ABC
8,12.916075,38296174,1,952,ABC
9,27.25942,275813694,0,952,ABC
9,12.312385,713942568,1,952,ABC
2,1.91327,97,1,953,CBA
3,1.581965,582,1,953,CBA
4,2.3495,7286,1,953,CBA
5,2.56626,42731,1,953,CBA
6,3.73149,392487,1,953,CBA
7,3.94823,6917428,1,953,CBA
8,4.632625,3829174,0,953,CBA
8,9.982055,58131647,0,953,CBA
2,2.1599,97,1,954,CAB
3,1.5135,582,1,954,CAB
4,2.9652,7286,1,954,CAB
5,3.2319,42731,1,954,CAB
6,3.7305,392487,1,954,CAB
7,7.8465,6971428,0,954,CAB
7,5.9298,4179386,1,954,CAB
8,5.1975,38296174,1,954,CAB
9,6.3311,2758631974,0,954,CAB
9,7.1139,713942568,1,954,CAB
2,2.35272,97,1,956,BCA
3,2.186325,582,1,956,BCA
4,2.68517,7286,1,956,BCA
5,5.274635,42731,1,956,BCA
6,4.95716,392487,1,956,BCA
7,5.85831,6914278,0,956,BCA
7,14.92244,49218736,0,956,BCA
2,1.949015,97,1,957,ACB
3,1.44336,582,1,957,ACB
4,1.96623,7286,1,957,ACB
5,3.17279,42731,1,957,ACB
6,7.50788,439287,0,957,ACB
6,4.25822,619473,1,957,ACB
7,6.09113,6917428,1,957,ACB
8,8.34132,38692174,0,957,ACB
8,5.116545,58132647,1,957,ACB
9,10.12485,275867194,0,957,ACB
9,7.23321,713942568,1,957,ACB
2,2.39844,97,1,959,CBA
3,1.533235,582,1,959,CBA
4,2.14956,7286,1,959,CBA
5,2.365915,42731,1,959,CBA
6,2.866085,392487,1,959,CBA
7,8.1485,69127428,0,959,CBA
7,4.882415,4179386,1,959,CBA
8,5.06587,3928674,0,959,CBA
8,10.948365,5182347,0,959,CBA
2,2.11633,97,1,960,CAB
3,2.199725,582,1,960,CAB
4,1.650965,7286,1,960,CAB
5,2.91644,42731,1,960,CAB
6,5.09929,392487,1,960,CAB
7,5.120285,6917428,1,960,CAB
8,5.48322,38296174,1,960,CAB
9,15.38238,27563194,0,960,CAB
9,8.350555,713942568,1,960,CAB
2,2.1004,97,1,961,BAC
3,1.281355,582,1,961,BAC
4,1.331855,7286,1,961,BAC
5,1.31673,42731,1,961,BAC
6,2.35,392487,1,961,BAC
7,2.699895,6917428,1,961,BAC
8,4.25019,3829174,0,961,BAC
8,6.251635,58132647,1,961,BAC
9,6.983225,2758932194,0,961,BAC
9,7.98383,71394279568,0,961,BAC
2,2.029435,97,1,963,ACB
3,2.06478,582,1,963,ACB
4,2.514285,7286,1,963,ACB
5,3.380655,42731,1,963,ACB
6,3.46717,392487,1,963,ACB
7,5.695785,6912748,0,963,ACB
7,5.484785,4173986,0,963,ACB
2,3.5458,97,1,964,ABC
3,2.3539,582,1,964,ABC
4,3.5318,7286,1,964,ABC
5,3.9362,42731,1,964,ABC
6,3.7316,392487,1,964,ABC
7,6.8654,697428,0,964,ABC
7,5.8318,4971386,0,964,ABC
2,5.05002,97,1,965,CBA
3,2.43165,582,1,965,CBA
4,3.747655,7286,1,965,CBA
5,2.148445,42731,1,965,CBA
6,4.09748,394287,0,965,CBA
6,4.447445,619473,1,965,CBA
7,6.23002,691428,0,965,CBA
7,8.34044,417936,0,965,CBA
2,3.035005,97,1,968,BCA
3,1.684295,582,1,968,BCA
4,2.668055,7286,1,968,BCA
5,2.635805,42731,1,968,BCA
6,4.27842,392487,1,968,BCA
7,3.82099,6917428,1,968,BCA
8,6.23875,38296174,1,968,BCA
9,8.247435,27586314,0,968,BCA
9,9.09743,71394568,0,968,BCA
2,3.57816,97,1,969,ACB
3,0.449215,2,0,969,ACB
3,2.94636,694,1,969,ACB
4,3.146775,7286,1,969,ACB
5,2.880285,42731,1,969,ACB
6,6.577235,392487,1,969,ACB
7,6.326825,6917428,1,969,ACB
8,9.02426,3946724,0,969,ACB
8,7.34269,53167247,0,969,ACB
2,2.865545,97,1,971,CBA
3,1.482785,582,1,971,CBA
4,2.64937,7286,1,971,CBA
5,4.165395,42731,1,971,CBA
6,4.11505,392487,1,971,CBA
7,4.882315,6917428,1,971,CBA
8,6.56522,38296714,0,971,CBA
8,4.76573,5834267,0,971,CBA
2,2.64559,97,1,974,BCA
3,1.5318,582,1,974,BCA
4,2.29774,7286,1,974,BCA
5,3.28029,42731,1,974,BCA
6,5.078685,392487,1,974,BCA
7,8.4749,6917428,1,974,BCA
8,5.24485,38296174,1,974,BCA
9,6.210525,275863194,1,974,BCA
2,2.56561,97,1,976,ABC
3,1.033225,582,1,976,ABC
4,5.099955,7826,0,976,ABC
4,3.582915,6439,1,976,ABC
5,4.03304,42731,1,976,ABC
6,8.184315,392487,1,976,ABC
7,8.71668,6947428,0,976,ABC
7,6.13219,4279386,0,976,ABC
2,2.64886,97,1,977,CBA
3,2.682355,582,1,977,CBA
4,3.23806,7286,1,977,CBA
5,4.68353,42731,1,977,CBA
6,6.00083,394287,0,977,CBA
6,7.2164,619473,1,977,CBA
7,18.97983,691748,0,977,CBA
7,25.368785,4190848,0,977,CBA
2,1.164595,NA,0,979,BAC
2,1.648345,NA,0,979,BAC
2,2.183945,97,1,980,BCA
3,1.717705,582,1,980,BCA
4,2.34843,7286,1,980,BCA
5,3.28375,42731,1,980,BCA
6,3.64999,394287,0,980,BCA
6,5.817895,619473,1,980,BCA
7,7.732545,6947428,0,980,BCA
7,5.80063,4179386,1,980,BCA
8,6.73182,38926174,0,980,BCA
8,6.231425,6813247,0,980,BCA
2,1.817515,97,1,982,ABC
3,0.99965,582,1,982,ABC
4,1.331535,7286,1,982,ABC
5,1.61648,42731,1,982,ABC
6,2.30165,392487,1,982,ABC
7,4.116465,6917428,1,982,ABC
8,3.9154,38296174,1,982,ABC
9,3.46655,275863194,1,982,ABC
2,2.423205,97,1,983,CBA
3,2.024835,582,1,983,CBA
4,2.943925,7286,1,983,CBA
5,3.720435,42731,1,983,CBA
6,3.602855,392487,1,983,CBA
7,4.085075,6917248,0,983,CBA
7,5.74654,41273986,0,983,CBA
2,1.74301,97,1,984,CAB
3,1.364395,582,1,984,CAB
4,1.929675,7286,1,984,CAB
5,1.780815,42731,1,984,CAB
6,4.24492,392847,0,984,CAB
6,2.92983,619473,1,984,CAB
7,3.345655,6917428,1,984,CAB
8,3.06254,38296174,1,984,CAB
9,4.07816,275863194,1,984,CAB
2,3.22947,97,1,986,BCA
3,1.28174,582,1,986,BCA
4,1.46524,7286,1,986,BCA
5,1.398735,42731,1,986,BCA
6,3.197475,392487,1,986,BCA
7,4.16403,6914728,0,986,BCA
7,13.874685,4179386,1,986,BCA
8,9.277775,38296174,1,986,BCA
9,7.44524,275863194,1,986,BCA
2,3.031025,97,1,988,ABC
3,2.599075,582,1,988,ABC
4,9.24817,7286,1,988,ABC
5,3.216,42731,1,988,ABC
6,7.46527,392487,1,988,ABC
7,5.46553,6914278,0,988,ABC
7,15.731015,4179386,1,988,ABC
8,7.6486,38296,0,988,ABC
8,8.615605,58213647,0,988,ABC
2,2.1156,97,1,989,CBA
3,1.583415,582,1,989,CBA
4,2.58356,7286,1,989,CBA
5,2.449645,42731,1,989,CBA
6,3.532745,392487,1,989,CBA
7,11.032095,6912748,0,989,CBA
7,13.81514,4197386,0,989,CBA
2,2.279655,97,1,990,CAB
3,1.048655,582,1,990,CAB
4,1.748845,7286,1,990,CAB
5,3.09825,42731,1,990,CAB
6,7.91045,39482397,0,990,CAB
6,4.946875,6197463,0,990,CAB
2,2.799535,97,1,991,BAC
3,2.11691,582,1,991,BAC
4,2.73391,7286,1,991,BAC
5,2.9506,42731,1,991,BAC
6,3.80215,392487,1,991,BAC
7,3.435635,6917428,1,991,BAC
8,4.301675,38296174,1,991,BAC
9,6.03535,275863194,1,991,BAC
2,1.832165,97,1,992,BCA
3,0.999295,582,1,992,BCA
4,1.78228,7286,1,992,BCA
5,1.332735,42731,1,992,BCA
6,2.365785,392487,1,992,BCA
7,2.749115,6917428,1,992,BCA
8,3.93142,38296174,1,992,BCA
9,4.43146,275863194,1,992,BCA
2,2.39682,97,1,9935,ACB
3,1.599085,582,1,9935,ACB
4,2.316085,7286,1,9935,ACB
5,3.03123,42731,1,9935,ACB
6,4.09885,392487,1,9935,ACB
7,10.78174,6917428,1,9935,ACB
8,5.881985,38296174,1,9935,ACB
9,8.01571,275863914,0,9935,ACB
9,8.14888,713942568,1,9935,ACB
2,2.605175,97,1,994,ABC
3,2.74322,582,1,994,ABC
4,1.816405,7286,1,994,ABC
5,2.50477,42731,1,994,ABC
6,3.384315,392487,1,994,ABC
7,4.20128,6917428,1,994,ABC
8,14.339925,38291764,0,994,ABC
8,10.087455,58132467,0,994,ABC
2,3.415045,97,1,995,CBA
3,3.415765,582,1,995,CBA
4,2.18215,7286,1,995,CBA
5,2.601015,42731,1,995,CBA
6,3.934515,392487,1,995,CBA
7,4.948515,6917428,1,995,CBA
8,6.43303,38296174,1,995,CBA
9,9.749935,267863194,0,995,CBA
9,11.182605,713942678,0,995,CBA
2,1.866645,97,1,996,CAB
3,1.16647,582,1,996,CAB
4,1.59996,7286,1,996,CAB
5,1.881875,42731,1,996,CAB
6,3.28365,394287,0,996,CAB
6,7.24966,619473,1,996,CAB
7,8.832875,6194728,0,996,CAB
7,7.23236,4179386,1,996,CAB
8,15.566445,38291674,0,996,CAB
8,5.76576,51832467,0,996,CAB
2,1.96491,97,1,997,BAC
3,1.319625,582,1,997,BAC
4,1.29857,7286,1,997,BAC
5,3.83343,42731,1,997,BAC
6,3.91643,392487,1,997,BAC
7,3.16668,6917428,1,997,BAC
8,4.23646,38296174,1,997,BAC
9,3.798695,275863291,0,997,BAC
9,5.847165,713942568,1,997,BAC
2,2.331525,97,1,998,BCA
3,1.366025,582,1,998,BCA
4,1.949625,7286,1,998,BCA
5,2.149585,42731,1,998,BCA
6,2.84981,392487,1,998,BCA
7,2.86636,6917428,1,998,BCA
8,4.166585,38296174,1,998,BCA
9,9.80152,29876354,0,998,BCA
9,10.284905,7924368,0,998,BCA
2,2.6916350000000002,97,1,999,ACB
3,2.050565,582,1,999,ACB
4,2.599065,7286,1,999,ACB
5,3.017185,42731,1,999,ACB
6,4.74407,392487,1,999,ACB
7,4.859315,6914728,0,999,ACB
7,5.04368,417936,0,999,ACB
