digitSpan,digits_audio,EgnerDSrt,EgnerDSscore,participant,group
2,46,1.532345,1,1000,ABC
NA,157,1.26578,1,1000,ABC
4,6352,1.5329,1,1000,ABC
5,59281,2.281245,1,1000,ABC
6,396172,2.515175,1,1000,ABC
7,8241973,2.831525,1,1000,ABC
8,53827164,5.963715,0,1000,ABC
8,75241739,4.947025,0,1000,ABC
2,46,1.1993,1,651,ACB
3,157,3.0327,1,651,ACB
4,6352,3.1324,1,651,ACB
5,59281,4.249,1,651,ACB
6,396172,1.9154,1,651,ACB
7,8241973,6.8153,0,651,ACB
7,2814367,5.7987,0,651,ACB
2,46,0.9149,1,652,ACB
3,157,0.916,1,652,ACB
4,6352,2.1989,1,652,ACB
5,59281,5.8982,1,652,ACB
6,396172,4.8649,1,652,ACB
7,8241973,4.498,0,652,ACB
7,2814367,5.5642,0,652,ACB
2,46,0.8823,1,653,CBA
3,157,1.0994,1,653,CBA
4,6352,1.4383,1,653,CBA
5,59281,4.6159,0,653,CBA
5,64738,5.2492,0,653,CBA
2,46,1.5251,1,656,BCA
3,157,1.8471,1,656,BCA
4,6352,1.8785,1,656,BCA
5,59281,2.351,1,656,BCA
6,396172,2.2125,0,656,BCA
6,594631,3.381,1,656,BCA
7,8241973,6.4304,1,656,BCA
8,53827164,6.9216,1,656,BCA
9,682594316,10.0358,1,656,BCA
2,46,1.6651,1,657,ACB
3,157,1.8993,1,657,ACB
4,6352,2.5662,1,657,ACB
5,59281,4.5154,1,657,ACB
6,396172,8.8976,0,657,ACB
6,594631,9.2808,0,657,ACB
2,46,1.5126,1,658,CAB
3,157,0.8666,1,658,CAB
4,6352,3.4993,1,658,CAB
5,59281,3.5651,1,658,CAB
6,396172,7.4809,0,658,CAB
6,594631,4.4466,1,658,CAB
7,8241973,8.998,0,658,CAB
7,2814367,3.6647,0,658,CAB
2,46,14.9987,1,659,ACB
3,157,3.9545,1,659,ACB
4,6352,4.6219,1,659,ACB
5,59281,5.9884,1,659,ACB
6,396172,7.4228,1,659,ACB
7,8241973,9.4261,1,659,ACB
8,53827164,9.1267,0,659,ACB
8,75241739,7.5065,1,659,ACB
9,682594316,18.9369,1,659,ACB
2,46,1.2485,1,660,CAB
3,157,1.0328,1,660,CAB
4,6352,2.0167,1,660,CAB
5,59281,6.4646,1,660,CAB
6,396172,2.916,0,660,CAB
6,594631,9.2973,0,660,CAB
2,46,1.2501,1,667,BAC
3,157,3.3481,1,667,BAC
4,6352,1.9649,1,667,BAC
5,59281,3.2864,1,667,BAC
6,396172,4.4638,1,667,BAC
7,8241973,7.0605,0,667,BAC
7,2814367,6.6447,0,667,BAC
2,46,1.514,1,668,BCA
3,157,2.1307,1,668,BCA
4,6352,1.9309,1,668,BCA
5,59281,4.3941,1,668,BCA
6,396172,8.6734000000000009,1,668,BCA
7,8241973,7.6407,0,668,BCA
7,2814367,4.7109,1,668,BCA
8,53827164,4.9603,0,668,BCA
8,75241739,7.3417,0,668,BCA
2,46,1.0718,1,672,ACB
3,157,1.1905,1,672,ACB
4,6352,1.6357,1,672,ACB
5,59281,4.7528,1,672,ACB
6,396172,2.6547,1,672,ACB
7,8241973,3.9665,1,672,ACB
8,53827164,3.6487,1,672,ACB
9,682594316,9.1299,0,672,ACB
9,142963758,6.1227,0,672,ACB
2,46,1.8319,1,674,BCA
3,157,1.9493,1,674,BCA
4,6352,3.6819,1,674,BCA
5,59281,3.8681,1,674,BCA
6,396172,5.3021,1,674,BCA
7,8241973,7.516,1,674,BCA
8,53827164,6.6997,1,674,BCA
9,682594316,10.4322,1,674,BCA
2,46,1.6973,1,675,ACB
3,157,1.529,1,675,ACB
4,6352,3.614,1,675,ACB
5,59281,3.4446,1,675,ACB
6,396172,5.7605,0,675,ACB
6,594631,7.0953,1,675,ACB
7,8241973,9.4557,1,675,ACB
8,53827164,8.7932,0,675,ACB
8,75241739,11.7542,1,675,ACB
9,682594316,9.5913,0,675,ACB
9,142963758,6.6791,0,675,ACB
2,46,1.2619,1,676,CBA
3,157,1.9807,1,676,CBA
4,6352,2.2644,1,676,CBA
5,59281,5.7967,0,676,CBA
5,64738,3.6982,0,676,CBA
2,46,1.6483,1,677,ACB
3,157,2.6487,1,677,ACB
4,6352,2.3321,1,677,ACB
5,59281,3.6977,1,677,ACB
6,396172,7.7794,1,677,ACB
7,8241973,6.3797,1,677,ACB
8,53827164,9.612,0,677,ACB
8,75241739,6.4138,1,677,ACB
9,682594316,18.5254,0,677,ACB
9,142963758,12.5279,0,677,ACB
2,46,0.999,1,680,BCA
3,157,1.283,1,680,BCA
4,6352,1.918,1,680,BCA
5,59281,2.668,1,680,BCA
6,396172,6.148,1,680,BCA
7,8241973,5.748,1,680,BCA
8,53827164,7.9,0,680,BCA
8,75241739,4.468,0,680,BCA
2,46,1.764,1,681,ACB
3,157,1.6982,1,681,ACB
4,6352,2.2627,1,681,ACB
5,59281,3.2974,1,681,ACB
6,396172,3.0629,0,681,ACB
6,594631,3.6958,1,681,ACB
7,8241973,4.7618,1,681,ACB
8,53827164,8.7746,0,681,ACB
8,75241739,4.8286,0,681,ACB
2,46,1.7645,1,682,ACB
3,157,1.2994,1,682,ACB
4,6352,1.9151,1,682,ACB
5,59281,2.8475,1,682,ACB
6,396172,5.015,0,682,ACB
6,594631,4.4631,1,682,ACB
7,8241973,5.0981,1,682,ACB
8,53827164,18.2599,0,682,ACB
8,75241739,8.5132,1,682,ACB
9,682594316,9.3626,0,682,ACB
9,142963758,5.664,1,682,ACB
2,46,2.3147,1,683,CBA
3,157,1.4491,1,683,CBA
4,6352,1.9823,1,683,CBA
5,59281,6.7135,1,683,CBA
6,396172,3.9646,1,683,CBA
7,8241973,4.5312,1,683,CBA
8,53827164,4.7478,1,683,CBA
9,682594316,10.3951,0,683,CBA
9,142963758,8.7126,1,683,CBA
2,46,1.8487,1,684,CAB
3,157,1.4795,1,684,CAB
4,6352,2.1352,1,684,CAB
5,59281,4.0698,1,684,CAB
6,396172,5.946,1,684,CAB
7,8241973,5.6324,1,684,CAB
8,53827164,8.2316,0,684,CAB
8,75241739,9.1521,0,684,CAB
2,46,4.1161,0,685,BAC
2,82,2.9666,0,685,BAC
2,46,1.5834,1,686,BCA
3,157,1.5986,1,686,BCA
4,6352,1.7334,1,686,BCA
5,59281,1.7,1,686,BCA
6,396172,2.6327,1,686,BCA
7,8241973,3.6669,1,686,BCA
8,53827164,3.7005,1,686,BCA
9,682594316,10.4006,0,686,BCA
9,142963758,10.3323,0,686,BCA
2,46,1.2981,1,687,ACB
3,157,1.1821,1,687,ACB
4,6352,1.2489,1,687,ACB
5,59281,2.0978,1,687,ACB
6,396172,2.4005,1,687,ACB
7,8241973,5.6465,1,687,ACB
8,53827164,6.7296,1,687,ACB
9,682594316,11.5442,0,687,ACB
9,142963758,7.0297,1,687,ACB
2,46,1.8973,1,689,CBA
3,157,1.5188,1,689,CBA
4,6352,1.8995,1,689,CBA
5,59281,3.3303,1,689,CBA
6,396172,3.6849,1,689,CBA
7,8241973,4.0483,1,689,CBA
8,53827164,7.262,1,689,CBA
9,682594316,6.3797,0,689,CBA
9,142963758,6.1636,1,689,CBA
2,46,1.3158,1,690,CAB
3,157,1.0159,1,690,CAB
4,6352,1.5482,1,690,CAB
5,59281,4.3316,1,690,CAB
6,396172,12.1142,0,690,CAB
6,594631,4.2987,1,690,CAB
7,8241973,8.3149,0,690,CAB
7,2814367,7.8819,1,690,CAB
8,53827164,12.5976,0,690,CAB
8,75241739,10.0316,1,690,CAB
9,682594316,12.3809,1,690,CAB
2,46,1.5344,1,692,BCA
3,157,3.572,1,692,BCA
4,6352,1.9195,1,692,BCA
5,59281,3.8386,1,692,BCA
6,396172,3.3716,1,692,BCA
7,8241973,8.4627,1,692,BCA
8,53827164,7.4111,1,692,BCA
9,682594316,23.7523,0,692,BCA
9,142963758,7.9287,1,692,BCA
2,46,1.5352,1,694,ACB
3,157,1.8656,1,694,ACB
4,6352,1.6326,1,694,ACB
5,59281,3.4323,1,694,ACB
6,396172,4.3156,0,694,ACB
6,594631,5.6486,1,694,ACB
7,8241973,7.282,1,694,ACB
8,53827164,9.5318,0,694,ACB
8,75241739,6.5989,0,694,ACB
2,46,1.5986,1,695,ACB
3,157,1.0831,1,695,ACB
4,6352,1.7346,1,695,ACB
5,59281,3.5789,1,695,ACB
6,396172,5.2242,1,695,ACB
7,8241973,5.3172,1,695,ACB
8,53827164,11.5205,0,695,ACB
8,75241739,12.3653,0,695,ACB
2,46,1.5981,1,696,CAB
3,157,1.9155,1,696,CAB
4,6352,2.5516,1,696,CAB
5,59281,4.5635,1,696,CAB
6,396172,5.0478,1,696,CAB
7,8241973,7.1462,0,696,CAB
7,2814367,5.8306,0,696,CAB
2,46,1.7654,1,697,BAC
3,157,1.5991,1,697,BAC
4,6352,1.7327,1,697,BAC
5,59281,3.9662,1,697,BAC
6,396172,15.5004,1,697,BAC
7,8241973,10.3328,0,697,BAC
7,2814367,7.0831,1,697,BAC
8,53827164,6.6829,0,697,BAC
8,75241739,6.2153,0,697,BAC
2,46,2.1478,1,698,ACB
3,157,1.8472,1,698,ACB
4,6352,3.5321,1,698,ACB
5,59281,4.3983,1,698,ACB
6,396172,8.032,0,698,ACB
6,594631,4.9151,1,698,ACB
7,8241973,8.9151,0,698,ACB
7,2814367,5.9319,0,698,ACB
2,46,2.1924,1,700,ABC
3,157,2.2604,1,700,ABC
4,6352,2.5251,1,700,ABC
5,59281,4.0656,1,700,ABC
6,396172,12.1769,0,700,ABC
6,594631,7.0304,1,700,ABC
7,8241973,22.4674,0,700,ABC
7,2814367,5.9775,0,700,ABC
2,46,2.7312,1,702,CAB
3,157,1.4988,1,702,CAB
4,6352,1.465,1,702,CAB
5,59281,2.2187,1,702,CAB
6,396172,4.2821,1,702,CAB
7,8241973,6.4643,1,702,CAB
8,53827164,7.3153,1,702,CAB
9,682594316,12.3441,0,702,CAB
9,142963758,10.6481,1,702,CAB
2,46,1.3832,1,704,BCA
3,157,1.5008,1,704,BCA
4,6352,2.0321,1,704,BCA
5,59281,3.4827,1,704,BCA
6,396172,9.5201,1,704,BCA
7,8241973,22.4251,0,704,BCA
7,2814367,7.653,1,704,BCA
8,53827164,18.5574,0,704,BCA
8,75241739,10.6715,0,704,BCA
2,46,1.1318,1,705,ACB
3,157,1.3325,1,705,ACB
4,6352,2.4161,1,705,ACB
5,59281,3.2494,1,705,ACB
6,396172,5.049,1,705,ACB
7,8241973,6.199,1,705,ACB
8,53827164,6.4319,1,705,ACB
9,682594316,9.3648,0,705,ACB
9,142963758,6.4323,0,705,ACB
2,46,2.7647,1,706,CAB
3,157,1.7999,1,706,CAB
4,6352,2.8156,1,706,CAB
5,59281,3.8483,1,706,CAB
6,396172,5.5148,1,706,CAB
7,8241973,5.4618,0,706,CAB
7,2814367,4.0988,1,706,CAB
8,53827164,7.844,0,706,CAB
8,75241739,7.3798,1,706,CAB
9,682594316,5.0146,0,706,CAB
9,142963758,7.1471,0,706,CAB
2,46,1.4331,1,708,CAB
3,157,1.5513,1,708,CAB
4,6352,6.0481,1,708,CAB
5,59281,2.4998,1,708,CAB
6,396172,6.2539,0,708,CAB
6,594631,3.3837,0,708,CAB
2,46,1.1987,1,712,CAB
3,157,1.2001,1,712,CAB
4,6352,1.0953,1,712,CAB
5,59281,1.1997,1,712,CAB
6,396172,1.7503,1,712,CAB
7,8241973,2.6337,1,712,CAB
8,53827164,3.7004,1,712,CAB
9,682594316,5.5338,1,712,CAB
2,46,1.9006,1,713,CBA
3,157,2.4183,1,713,CBA
4,6352,1.7837,0,713,CBA
4,9184,1.9502,1,713,CBA
5,59281,2.0383,1,713,CBA
6,396172,2.7514,1,713,CBA
7,8241973,4.3168,1,713,CBA
8,53827164,0.3506,0,713,CBA
8,75241739,10,0,713,CBA
2,46,1.408,1,714,ACB
3,157,0.992,1,714,ACB
4,6352,1.964,1,714,ACB
5,59281,1.907,1,714,ACB
6,396172,3.274,1,714,ACB
7,8241973,4.678,1,714,ACB
8,53827164,5.989,1,714,ACB
9,682594316,10.735,0,714,ACB
9,142963758,6.051,1,714,ACB
2,46,1.3501,1,715,BAC
3,157,1.4316,1,715,BAC
4,6352,1.7351,1,715,BAC
5,59281,1.9667,1,715,BAC
6,396172,2.001,1,715,BAC
7,8241973,3.6309,1,715,BAC
8,53827164,5.7504,1,715,BAC
9,682594316,4.1668,1,715,BAC
2,46,1.3317,1,717,ACB
3,157,1.6477,1,717,ACB
4,6352,2.7831,1,717,ACB
5,59281,7.3659,0,717,ACB
5,64738,12.9158,0,717,ACB
2,46,1.4316,1,719,CBA
3,157,1.3227,1,719,CBA
4,6352,1.4235,1,719,CBA
5,59281,2.7036,1,719,CBA
6,396172,7.7208,0,719,CBA
6,594631,4.082,0,719,CBA
2,46,1.635,1,721,BAC
3,157,1.706,1,721,BAC
4,6352,1.982,1,721,BAC
5,59281,2.723,1,721,BAC
6,396172,8.142,0,721,BAC
6,594631,5.162,1,721,BAC
7,8241973,6.98,1,721,BAC
8,53827164,11.589,0,721,BAC
8,75241739,8.061,0,721,BAC
2,46,1.265,1,723,ACB
3,157,2.1631,1,723,ACB
4,6352,1.9814,1,723,ACB
5,59281,2.6147,1,723,ACB
6,396172,2.2468,0,723,ACB
6,594631,4.1785,1,723,ACB
7,8241973,7.0917,0,723,ACB
7,2814367,10.3081,0,723,ACB
2,46,1.7823,1,724,CAB
3,157,3.0829,1,724,CAB
4,6352,2.1496,1,724,CAB
5,59281,3.816,1,724,CAB
6,396172,3.0659,1,724,CAB
7,8241973,5.099,0,724,CAB
7,2814367,6.182,0,724,CAB
2,46,2.315,1,725,ABC
3,157,1.0994,1,725,ABC
4,6352,1.9826,0,725,ABC
4,9184,4.0311,1,725,ABC
5,59281,3.2651,0,725,ABC
5,64738,2.7321,1,725,ABC
6,396172,5.8472,1,725,ABC
7,8241973,6.3466,1,725,ABC
8,53827164,5.9971,0,725,ABC
8,75241739,5.4637,0,725,ABC
2,46,1.48,1,726,CAB
3,157,2.3806,1,726,CAB
4,6352,2.1187,1,726,CAB
5,59281,3.4644,1,726,CAB
6,396172,8.4484,0,726,CAB
6,594631,7.1325,0,726,CAB
2,46,1.125,1,727,BAC
3,157,1.479,1,727,BAC
4,6352,2.429,1,727,BAC
5,59281,2.146,1,727,BAC
6,396172,3.592,1,727,BAC
7,8241973,4.125,0,727,BAC
7,2814367,10.056,0,727,BAC
2,46,1.3173,1,730,CAB
3,157,1.284,1,730,CAB
4,6352,2.3356,1,730,CAB
5,59281,2.4514,1,730,CAB
6,396172,3.8372,1,730,CAB
7,8241973,6.7901,0,730,CAB
7,2814367,5.9396,1,730,CAB
8,53827164,4.7253,0,730,CAB
8,75241739,4.6044,0,730,CAB
2,46,1.0152,1,733,BAC
3,157,1.0326,1,733,BAC
4,6352,1.2995,1,733,BAC
5,59281,1.5992,1,733,BAC
6,396172,3.6994,0,733,BAC
6,594631,3.5491,1,733,BAC
7,8241973,3.9327,1,733,BAC
8,53827164,7.7826,0,733,BAC
8,75241739,11.315,0,733,BAC
2,46,1.5293,1,734,BCA
3,157,2.0503,1,734,BCA
4,6352,2.6142,1,734,BCA
5,59281,4.4031,0,734,BCA
5,64738,4.3296,0,734,BCA
2,46,2.6934,1,738,CAB
3,157,1.5525,1,738,CAB
4,6352,2.082,1,738,CAB
5,59281,2.2149,1,738,CAB
6,396172,1.3493,0,738,CAB
6,594631,4.5324,1,738,CAB
7,8241973,5.9654,1,738,CAB
8,53827164,6.9319,1,738,CAB
9,682594316,7.0152,1,738,CAB
2,46,1.0644,1,739,BCA
3,157,1.3321,1,739,BCA
4,6352,1.5981,1,739,BCA
5,59281,3.6148,1,739,BCA
6,396172,3.3649,1,739,BCA
7,8241973,4.0808,1,739,BCA
8,53827164,9.048,0,739,BCA
8,75241739,6.2311,0,739,BCA
2,46,1.1458,1,740,BCA
3,157,2.1439,1,740,BCA
4,6352,2.0943,1,740,BCA
5,59281,4.5057,1,740,BCA
6,396172,4.7245,1,740,BCA
7,8241973,6.1167,1,740,BCA
8,53827164,3.7731,1,740,BCA
9,682594316,14.4937,0,740,BCA
9,142963758,7.9948,0,740,BCA
2,46,1.618,1,741,ACB
3,157,1.7916,1,741,ACB
4,6352,3.9091,1,741,ACB
5,59281,4.3816,1,741,ACB
6,396172,7.7641,1,741,ACB
7,8241973,8.2411,1,741,ACB
8,53827164,6.8496,1,741,ACB
9,682594316,10.9292,1,741,ACB
2,46,1.7143,1,742,ABC
3,157,1.2974,1,742,ABC
4,6352,1.7329,1,742,ABC
5,59281,2.7458,1,742,ABC
6,396172,3.0688,1,742,ABC
7,8241973,3.5656,1,742,ABC
8,53827164,4.3509,1,742,ABC
9,682594316,6.0859,1,742,ABC
2,46,0.9166,1,743,CBA
3,157,0.9488,1,743,CBA
4,6352,0.985,1,743,CBA
5,59281,1.2153,1,743,CBA
6,396172,1.249,1,743,CBA
7,8241973,1.8019,1,743,CBA
8,53827164,2.7837,1,743,CBA
9,682594316,4.6492000000000004,0,743,CBA
9,142963758,2.9991,1,743,CBA
2,46,1.2824,1,745,BAC
3,157,1.5648,1,745,BAC
4,6352,2.4312,1,745,BAC
5,59281,5.8355,1,745,BAC
6,396172,3.615,1,745,BAC
7,8241973,16.8308,0,745,BAC
7,2814367,6.5485,1,745,BAC
8,53827164,16.0817,0,745,BAC
8,75241739,6.9616,1,745,BAC
9,682594316,14.8975,0,745,BAC
9,142963758,13.3521,0,745,BAC
2,46,1.2643,1,746,ABC
3,157,1.2659,1,746,ABC
4,6352,1.8217,1,746,ABC
5,59281,2.8267,1,746,ABC
6,396172,3.8658,1,746,ABC
7,8241973,5.3488,0,746,ABC
7,2814367,10.0488,0,746,ABC
2,46,1.0805,1,747,ACB
3,157,1.195,1,747,ACB
4,6352,2.0152,1,747,ACB
5,59281,2.4638,1,747,ACB
6,396172,7.8289,0,747,ACB
6,594631,3.8343,0,747,ACB
2,46,2.2909,1,748,ABC
3,157,1.9656,1,748,ABC
4,6352,6.0939,1,748,ABC
5,59281,9.5008,1,748,ABC
6,396172,21.6941,1,748,ABC
7,8241973,28.555,1,748,ABC
8,53827164,10.9732,0,748,ABC
8,75241739,25.558,1,748,ABC
9,682594316,9.9733,1,748,ABC
2,46,2.9991,0,749,ABC
2,82,2.7165,0,749,ABC
2,46,1.5133,1,750,ABC
3,157,1.4821,1,750,ABC
4,6352,1.7647,1,750,ABC
5,59281,2.6468,1,750,ABC
6,396172,4.2173,0,750,ABC
6,594631,3.6367,1,750,ABC
7,8241973,5.1781,0,750,ABC
7,2814367,11.2959,0,750,ABC
2,46,1.8676,1,751,BAC
3,157,1.8004,1,751,BAC
4,6352,2.0511,1,751,BAC
5,59281,2.867,1,751,BAC
6,396172,4.2847,1,751,BAC
7,8241973,4.3526,1,751,BAC
8,53827164,5.0353,1,751,BAC
9,682594316,4.6356,0,751,BAC
9,142963758,5.7356,1,751,BAC
2,46,1.099,1,752,BCA
3,157,0.983,1,752,BCA
4,6352,1.466,1,752,BCA
5,59281,2.135,1,752,BCA
6,396172,2.084,1,752,BCA
7,8241973,2.783,1,752,BCA
8,53827164,5.934,0,752,BCA
8,75241739,5.199,0,752,BCA
2,46,1.1477,1,753,ACB
3,157,1.3152,1,753,ACB
4,6352,2.0987,1,753,ACB
5,59281,2.3976,1,753,ACB
6,396172,4.3474,0,753,ACB
6,594631,3.2478,1,753,ACB
7,8241973,20.5079,1,753,ACB
8,53827164,3.931,0,753,ACB
8,75241739,5.3344,1,753,ACB
9,682594316,5.3981,1,753,ACB
2,46,1.0503,1,754,ABC
3,157,1.151,1,754,ABC
4,6352,1.9185,1,754,ABC
5,59281,1.7182,1,754,ABC
6,396172,2.8192,0,754,ABC
6,594631,5.6724,1,754,ABC
7,8241973,5.0716,1,754,ABC
8,53827164,4.1207,1,754,ABC
9,682594316,4.3543,0,754,ABC
9,142963758,7.624,0,754,ABC
2,46,1.882,1,755,CBA
3,157,1.651,1,755,CBA
4,6352,1.732,1,755,CBA
5,59281,2.351,1,755,CBA
6,396172,2.757,1,755,CBA
7,8241973,5.518,1,755,CBA
8,53827164,5.328,0,755,CBA
8,75241739,4.532,0,755,CBA
2,46,1.2822,1,758,BCA
3,157,2.3662,1,758,BCA
4,6352,1.7993,1,758,BCA
5,59281,3.0656,1,758,BCA
6,396172,5.249,1,758,BCA
7,8241973,6.2656,1,758,BCA
8,53827164,5.1491,0,758,BCA
8,75241739,6.2822,0,758,BCA
2,46,1.535,1,759,ABC
3,157,1.2534,1,759,ABC
4,6352,1.7364,1,759,ABC
5,59281,2.984,1,759,ABC
6,396172,2.83,1,759,ABC
7,8241973,6.4298,1,759,ABC
8,53827164,5.6603,1,759,ABC
9,682594316,8.6228,1,759,ABC
2,46,1.2486,1,760,ABC
3,157,2.5328,1,760,ABC
4,6352,2.7661,1,760,ABC
5,59281,2.399,1,760,ABC
6,396172,3.2496,1,760,ABC
7,8241973,5.2659,0,760,ABC
7,2814367,4.2663,1,760,ABC
8,53827164,5.5827,0,760,ABC
8,75241739,6.0664,0,760,ABC
2,46,1.5352,1,761,CBA
3,157,1.1516,1,761,CBA
4,6352,2.1158,1,761,CBA
5,59281,2.9021,1,761,CBA
6,396172,3.9497,1,761,CBA
7,8241973,6.8998,1,761,CBA
8,53827164,8.6827,0,761,CBA
8,75241739,14.1821,0,761,CBA
2,46,1.4079,1,762,CAB
3,157,1.0949,1,762,CAB
4,6352,1.2678,1,762,CAB
5,59281,1.6141,1,762,CAB
6,396172,2.7425,1,762,CAB
7,8241973,3.6053,1,762,CAB
8,53827164,8.1258,1,762,CAB
9,682594316,6.8746,1,762,CAB
2,46,1.249,1,763,BAC
3,157,0.966,1,763,BAC
4,6352,1.445,1,763,BAC
5,59281,2.183,1,763,BAC
6,396172,4.982,1,763,BAC
7,8241973,4.665,1,763,BAC
8,53827164,4.881,1,763,BAC
9,682594316,6.048,0,763,BAC
9,142963758,6.715,1,763,BAC
2,46,2.3147,1,764,BCA
3,157,4.0985,1,764,BCA
4,6352,2.8147,1,764,BCA
5,59281,6.2985,1,764,BCA
6,396172,7.7477,1,764,BCA
7,8241973,18.5631,1,764,BCA
8,53827164,19.8129,1,764,BCA
9,682594316,32.6762,0,764,BCA
9,142963758,57.8077,0,764,BCA
2,46,1.1976,1,765,ABC
3,157,1.8654,1,765,ABC
4,6352,1.5987,1,765,ABC
5,59281,1.8486,1,765,ABC
6,396172,2.2652,1,765,ABC
7,8241973,4.7311,1,765,ABC
8,53827164,4.8142,0,765,ABC
8,75241739,5.5591,0,765,ABC
2,46,1.3656,1,767,CBA
3,157,1.1329,1,767,CBA
4,6352,2.0163,1,767,CBA
5,59281,2.266,1,767,CBA
6,396172,4.2828,1,767,CBA
7,8241973,4.3664,0,767,CBA
7,2814367,4.7831,0,767,CBA
2,46,1.2347,1,769,BAC
3,157,1.016,1,769,BAC
4,6352,1.9331,1,769,BAC
5,59281,2.3166,1,769,BAC
6,396172,3.1327,1,769,BAC
7,8241973,4.4164,1,769,BAC
8,53827164,6.651,0,769,BAC
8,75241739,10.1986,0,769,BAC
2,46,1.7972,1,770,BCA
3,157,1.7985,1,770,BCA
4,6352,1.414,1,770,BCA
5,59281,2.2694,1,770,BCA
6,396172,4.3633,1,770,BCA
7,8241973,5.1093,1,770,BCA
8,53827164,10.3101,0,770,BCA
8,75241739,16.1445,1,770,BCA
9,682594316,7.7675,0,770,BCA
9,142963758,6.7129,0,770,BCA
2,46,1.3655,1,771,ACB
3,157,1.9981,1,771,ACB
4,6352,1.9149,1,771,ACB
5,59281,3.4304,1,771,ACB
6,396172,3.1799,1,771,ACB
7,8241973,8.9786,0,771,ACB
7,2814367,2.9307,1,771,ACB
8,53827164,4.381,1,771,ACB
9,682594316,9.7976,0,771,ACB
9,142963758,5.2447,0,771,ACB
2,46,1.05,1,772,ABC
3,157,0.592,1,772,ABC
4,6352,0.732,1,772,ABC
5,59281,0.96,1,772,ABC
6,396172,1.237,1,772,ABC
7,8241973,2.812,1,772,ABC
8,53827164,3.636,1,772,ABC
9,682594316,6.128,0,772,ABC
9,142963758,3.508,0,772,ABC
2,46,1.1162,1,773,CBA
3,157,1.8506,1,773,CBA
4,6352,2.5015,1,773,CBA
5,59281,1.8171,1,773,CBA
6,396172,1.5336,1,773,CBA
7,8241973,4.202,1,773,CBA
8,53827164,5.2187,0,773,CBA
8,75241739,5.3185,0,773,CBA
2,46,1.6145,1,775,BAC
3,157,1.5814,1,775,BAC
4,6352,2.548,1,775,BAC
5,59281,2.9635,1,775,BAC
6,396172,2.5634,0,775,BAC
6,594631,3.2652,1,775,BAC
7,8241973,3.3139,1,775,BAC
8,53827164,8.5471,0,775,BAC
8,75241739,8.8286,1,775,BAC
9,682594316,4.5819,0,775,BAC
9,142963758,13.3134,0,775,BAC
2,46,1.3655,1,777,ABC
3,157,1.383,1,777,ABC
4,6352,1.8166,1,777,ABC
5,59281,3.2502,1,777,ABC
6,396172,3.8345,1,777,ABC
7,8241973,8.0207,1,777,ABC
8,53827164,7.6864,0,777,ABC
8,75241739,6.5361,0,777,ABC
2,46,1.6527,1,778,ABC
3,157,1.4502,1,778,ABC
4,6352,0.7372,0,778,ABC
4,9184,0.7832,0,778,ABC
2,46,1.182,1,779,CBA
3,157,1.0826,1,779,CBA
4,6352,1.9344,1,779,CBA
5,59281,7.7475,0,779,CBA
5,64738,2.5154,1,779,CBA
6,396172,2.6326,1,779,CBA
7,8241973,6.3146,1,779,CBA
8,53827164,6.5481,1,779,CBA
9,682594316,7.1321,0,779,CBA
9,142963758,4.3657,0,779,CBA
2,46,1.365,1,782,BCA
3,157,1.2161,1,782,BCA
4,6352,1.6653,1,782,BCA
5,59281,1.3484,1,782,BCA
6,396172,3.3315,1,782,BCA
7,8241973,12.4273,1,782,BCA
8,53827164,14.0606,0,782,BCA
8,75241739,10.945,0,782,BCA
2,46,1.8155,1,783,ABC
3,157,4.4325,1,783,ABC
4,6352,2.9491,0,783,ABC
4,9184,4.1489,1,783,ABC
5,59281,13.748,0,783,ABC
5,64738,7.215,1,783,ABC
6,396172,10.998,1,783,ABC
7,8241973,9.1149,1,783,ABC
8,53827164,10.3814,1,783,ABC
9,682594316,10.548400000000001,1,783,ABC
2,46,1.3,1,784,ABC
3,157,1.016,1,784,ABC
4,6352,1.834,1,784,ABC
5,59281,1.267,1,784,ABC
6,396172,1.416,1,784,ABC
7,8241973,4.066,1,784,ABC
8,53827164,2.184,1,784,ABC
9,682594316,3.1,1,784,ABC
2,46,2.316,1,786,CAB
3,157,1.333,1,786,CAB
4,6352,1.683,1,786,CAB
5,59281,1.884,1,786,CAB
6,396172,3.566,1,786,CAB
7,8241973,3.465,1,786,CAB
8,53827164,5.434,1,786,CAB
9,682594316,6.683,1,786,CAB
2,46,3.1321,1,789,ACB
3,157,1.8344,1,789,ACB
4,6352,2.7495,1,789,ACB
5,59281,5.3658,1,789,ACB
6,396172,8.1988,1,789,ACB
7,8241973,6.0493,1,789,ACB
8,53827164,9.1155,1,789,ACB
9,682594316,10.7493,1,789,ACB
2,46,1.2112,1,790,ABC
3,157,1.3704,1,790,ABC
4,6352,1.0599,1,790,ABC
5,59281,2.0748,1,790,ABC
6,396172,3.1489,1,790,ABC
7,8241973,2.5578,1,790,ABC
8,53827164,3.2278,0,790,ABC
8,75241739,8.7254,1,790,ABC
9,682594316,9.8085,1,790,ABC
2,46,1.1308,1,793,BAC
3,157,1.2329,1,793,BAC
4,6352,2.4328,1,793,BAC
5,59281,2.0456,1,793,BAC
6,396172,3.0492,1,793,BAC
7,8241973,4.2492,1,793,BAC
8,53827164,4.3494,1,793,BAC
9,682594316,10.6304,0,793,BAC
9,142963758,7.2487,1,793,BAC
2,46,1.6608,1,794,BCA
3,157,1.3957,1,794,BCA
4,6352,1.9437,1,794,BCA
5,59281,2.9074,1,794,BCA
6,396172,2.2267,1,794,BCA
7,8241973,7.0302,1,794,BCA
8,53827164,7.4787,1,794,BCA
9,682594316,7.4786,1,794,BCA
2,46,1.7471,1,795,ACB
3,157,1.2821,1,795,ACB
4,6352,2.1649,1,795,ACB
5,59281,2.4128,1,795,ACB
6,396172,1.8482,1,795,ACB
7,8241973,3.7594,1,795,ACB
8,53827164,5.778,1,795,ACB
9,682594316,5.6946,1,795,ACB
2,46,1.4,1,796,ABC
3,157,1.3,1,796,ABC
4,6352,1.049,1,796,ABC
5,59281,1.973,1,796,ABC
6,396172,2.804,1,796,ABC
7,8241973,4.469,1,796,ABC
8,53827164,4.986,1,796,ABC
9,682594316,13.417,1,796,ABC
2,46,1.7969,1,797,CBA
3,157,1.4153,1,797,CBA
4,6352,1.5991,1,797,CBA
5,59281,1.96,1,797,CBA
6,396172,2.1842,1,797,CBA
7,8241973,3.7174,1,797,CBA
8,53827164,4.8943,0,797,CBA
8,75241739,7.4496,1,797,CBA
9,682594316,11.3387,0,797,CBA
9,142963758,7.9618,0,797,CBA
2,46,1.783,1,800,BCA
3,157,1.434,1,800,BCA
4,6352,1.967,1,800,BCA
5,59281,2.739,1,800,BCA
6,396172,5.258,1,800,BCA
7,8241973,7.008,1,800,BCA
8,53827164,9.736,0,800,BCA
8,75241739,6.317,0,800,BCA
2,46,1.8001,1,801,ABC
3,157,1.3999,1,801,ABC
4,6352,1.2006,1,801,ABC
5,59281,2.9509,1,801,ABC
6,396172,5.3516,1,801,ABC
7,8241973,7.0189,0,801,ABC
7,2814367,4.3184,1,801,ABC
8,53827164,7.7527,1,801,ABC
9,682594316,11.5379,0,801,ABC
9,142963758,11.7208,0,801,ABC
2,46,1.4815,1,802,ABC
3,157,1.2982,1,802,ABC
4,6352,0.732,0,802,ABC
4,9184,2.5136,1,802,ABC
5,59281,3.2474,1,802,ABC
6,396172,3.415,1,802,ABC
7,8241973,3.7798,1,802,ABC
8,53827164,5.8912,1,802,ABC
9,682594316,6.2686,0,802,ABC
9,142963758,8.4846,0,802,ABC
2,46,1.929,1,803,CBA
3,157,1.1647,1,803,CBA
4,6352,2.0626,1,803,CBA
5,59281,2.7444,1,803,CBA
6,396172,3.3441,1,803,CBA
7,8241973,3.6425,1,803,CBA
8,53827164,8.6513,1,803,CBA
9,682594316,7.6704,1,803,CBA
2,46,1.4011,1,804,CAB
3,157,0.9947,1,804,CAB
4,6352,3.0141,1,804,CAB
5,59281,2.6133,1,804,CAB
6,396172,3.6968,1,804,CAB
7,8241973,4.646,1,804,CAB
8,53827164,6.7121,1,804,CAB
9,682594316,4.3626,0,804,CAB
9,142963758,8.2447,1,804,CAB
2,46,2.0808,1,805,BAC
3,157,3.5796,1,805,BAC
4,6352,1.9824,1,805,BAC
5,59281,2.6129,1,805,BAC
6,396172,7.2764,1,805,BAC
7,8241973,7.7427,1,805,BAC
8,53827164,13.4542,0,805,BAC
8,75241739,16.6006,0,805,BAC
2,46,1.7519,1,806,ABC
3,157,1.0665,1,806,ABC
4,6352,1.2504,1,806,ABC
5,59281,2.2332,1,806,ABC
6,396172,2.3693,1,806,ABC
7,8241973,6.8833,0,806,ABC
7,2814367,9.6836,0,806,ABC
2,46,0.6813,1,808,ABC
3,157,0.9493,1,808,ABC
4,6352,1.4833,1,808,ABC
5,59281,1.8818,1,808,ABC
6,396172,1.8662,1,808,ABC
7,8241973,4.3156,0,808,ABC
7,2814367,3.916,1,808,ABC
8,53827164,5.1327,1,808,ABC
9,682594316,4.4655,0,808,ABC
9,142963758,2.2328,0,808,ABC
2,46,1.658,0,809,CBA
2,82,1.3992,0,809,CBA
2,46,1.5844,1,810,CAB
3,157,1.6353,1,810,CAB
4,6352,2.1687,1,810,CAB
5,59281,18.4381,0,810,CAB
5,64738,2.8173,1,810,CAB
6,396172,4.7172,0,810,CAB
6,594631,8.1523,0,810,CAB
2,46,1.3321,1,811,BAC
3,157,1.3332,1,811,BAC
4,6352,2.1828,1,811,BAC
5,59281,4.3648,0,811,BAC
5,64738,5.482,1,811,BAC
6,396172,8.3149,0,811,BAC
6,594631,6.3311,1,811,BAC
7,8241973,8.5473,0,811,BAC
7,2814367,7.3809,0,811,BAC
2,46,1.4834,1,812,BCA
3,157,2.2171,1,812,BCA
4,6352,2.1501,1,812,BCA
5,59281,3.4016,1,812,BCA
6,396172,5.2998,1,812,BCA
7,8241973,5.3505,0,812,BCA
7,2814367,4.1833,0,812,BCA
2,46,1.6119,1,813,ACB
3,157,3.1144,1,813,ACB
4,6352,2.6973,1,813,ACB
5,59281,5.2491,1,813,ACB
6,396172,3.2642,1,813,ACB
7,8241973,5.9623,1,813,ACB
8,53827164,12.0605,0,813,ACB
8,75241739,7.2449,0,813,ACB
2,46,1.8319,1,814,ABC
3,157,1.6323,1,814,ABC
4,6352,2.482,1,814,ABC
5,59281,2.6484,1,814,ABC
6,396172,4.2647,0,814,ABC
6,594631,4.4652,1,814,ABC
7,8241973,7.1133,0,814,ABC
7,2814367,6.8299,0,814,ABC
2,46,1.6631,1,815,CBA
3,157,1.8494,1,815,CBA
4,6352,1.8493,1,815,CBA
5,59281,2.5313,1,815,CBA
6,396172,7.4805,0,815,CBA
6,594631,11.4302,0,815,CBA
2,46,1.1149,1,816,CAB
3,157,1.0163,1,816,CAB
4,6352,1.1995,1,816,CAB
5,59281,1.6152,1,816,CAB
6,396172,4.0509,1,816,CAB
7,8241973,5.5181,1,816,CAB
8,53827164,5.2993,1,816,CAB
9,682594316,7.6356,1,816,CAB
2,46,1.6326,1,817,BAC
3,157,1.1004,1,817,BAC
4,6352,2.0497,1,817,BAC
5,59281,3.3156,1,817,BAC
6,396172,3.7326,1,817,BAC
7,8241973,7.9654,0,817,BAC
7,2814367,6.6155,0,817,BAC
2,46,1.0488,1,818,ABC
3,157,1.4341,1,818,ABC
4,6352,2.1839,1,818,ABC
5,59281,4.1494,1,818,ABC
6,396172,2.9482,1,818,ABC
7,8241973,4.9999,0,818,ABC
7,2814367,3.5166,1,818,ABC
8,53827164,5.2838,0,818,ABC
8,75241739,9.2513,0,818,ABC
2,46,1.6307,1,819,ABC
3,157,1.2002,1,819,ABC
4,6352,2.892,1,819,ABC
5,59281,2.3089,1,819,ABC
6,396172,3.4063,1,819,ABC
7,8241973,5.3512,0,819,ABC
7,2814367,6.8471,1,819,ABC
8,53827164,6.9642,1,819,ABC
9,682594316,6.2859,0,819,ABC
9,142963758,5.6546,0,819,ABC
2,46,1.3427,1,820,ABC
3,157,1.8761,1,820,ABC
4,6352,1.4646,1,820,ABC
5,59281,2.5316,1,820,ABC
6,396172,3.4841,1,820,ABC
7,8241973,5.7249,1,820,ABC
8,53827164,8.027,1,820,ABC
9,682594316,8.6866,0,820,ABC
9,142963758,9.1944,0,820,ABC
2,46,2.6135,1,823,ABC
3,157,1.5162,1,823,ABC
4,6352,2.265,1,823,ABC
5,59281,3.2806,1,823,ABC
6,396172,4.2081,1,823,ABC
7,8241973,6.1464,1,823,ABC
8,53827164,7.3028,1,823,ABC
9,682594316,7.2303,0,823,ABC
9,142963758,6.8093,1,823,ABC
2,46,1.4315,1,824,BCA
3,157,1.1786,1,824,BCA
4,6352,1.3539,1,824,BCA
5,59281,2.0597,1,824,BCA
6,396172,2.028,1,824,BCA
7,8241973,5.9797,0,824,BCA
7,2814367,4.5153,1,824,BCA
8,53827164,4.6825,0,824,BCA
8,75241739,4.7584,0,824,BCA
2,46,1.617,1,825,ACB
3,157,1.6678,1,825,ACB
4,6352,2.6339,1,825,ACB
5,59281,4.2065,1,825,ACB
6,396172,6.3088,0,825,ACB
6,594631,5.5211,1,825,ACB
7,8241973,9.1076,0,825,ACB
7,2814367,7.2398,0,825,ACB
2,46,1.8492,1,827,CBA
3,157,1.3146,1,827,CBA
4,6352,5.8668,1,827,CBA
5,59281,3.6498,1,827,CBA
6,396172,5.2834,1,827,CBA
7,8241973,7.2827,0,827,CBA
7,2814367,6.7329,1,827,CBA
8,53827164,8.2832,1,827,CBA
9,682594316,10.3332,1,827,CBA
2,46,1.8309,1,828,ABC
3,157,1.6317,1,828,ABC
4,6352,1.5615,1,828,ABC
5,59281,2.0148,1,828,ABC
6,396172,3.1992,1,828,ABC
7,8241973,4.1481,1,828,ABC
8,53827164,4.9818,1,828,ABC
9,682594316,5.2985,1,828,ABC
2,46,1.9011,1,830,BCA
3,157,1.5674,1,830,BCA
4,6352,2.0481,1,830,BCA
5,59281,5.1376,1,830,BCA
6,396172,4.7501,1,830,BCA
7,8241973,7.2636,1,830,BCA
8,53827164,12.3393,0,830,BCA
8,75241739,8.726,0,830,BCA
2,46,1.777,1,831,ABC
3,157,1.5185,1,831,ABC
4,6352,2.3788,1,831,ABC
5,59281,18.0956,1,831,ABC
6,396172,22.8155,1,831,ABC
7,8241973,244.4035,1,831,ABC
8,53827164,567.5559,1,831,ABC
9,682594316,22.614,1,831,ABC
2,46,0.9325,1,832,ABC
3,157,0.9995,1,832,ABC
4,6352,1.2831,1,832,ABC
5,59281,1.583,1,832,ABC
6,396172,1.633,1,832,ABC
7,8241973,4.7325,0,832,ABC
7,2814367,4.316,1,832,ABC
8,53827164,6.3323,1,832,ABC
9,682594316,6.0492,1,832,ABC
2,46,3.8593,1,833,ABC
3,157,1.1655,1,833,ABC
4,6352,1.2373,1,833,ABC
5,59281,6.1155,0,833,ABC
5,64738,3.9469,1,833,ABC
6,396172,5.5951,1,833,ABC
7,8241973,11.8667,0,833,ABC
7,2814367,5.2942,1,833,ABC
8,53827164,9.8066,0,833,ABC
8,75241739,6.2795,1,833,ABC
9,682594316,10.9618,0,833,ABC
9,142963758,7.0699,0,833,ABC
2,46,2.1837,1,839,CBA
3,157,2.001,1,839,CBA
4,6352,8.4502,1,839,CBA
5,59281,5.2991,1,839,CBA
6,396172,6.4146,1,839,CBA
7,8241973,10.6827,1,839,CBA
8,53827164,13.8989,0,839,CBA
8,75241739,15.1506,0,839,CBA
2,46,1.5808,1,840,CAB
3,157,1.8146,1,840,CAB
4,6352,2.9297,1,840,CAB
5,59281,3.6794,1,840,CAB
6,396172,4.3278,1,840,CAB
7,8241973,6.6086,1,840,CAB
8,53827164,10.4711,0,840,CAB
8,75241739,32.6623,0,840,CAB
2,46,1.7916,1,841,BAC
3,157,1.856,1,841,BAC
4,6352,2.7927,1,841,BAC
5,59281,2.882,1,841,BAC
6,396172,4.7014,1,841,BAC
7,8241973,36.3645,0,841,BAC
7,2814367,14.8196,0,841,BAC
2,46,2.4161,1,843,ACB
3,157,2.1158,1,843,ACB
4,6352,2.3493,1,843,ACB
5,59281,3.9985,1,843,ACB
6,396172,8.5154,0,843,ACB
6,594631,15.032,1,843,ACB
7,8241973,12.915,0,843,ACB
7,2814367,8.4153,1,843,ACB
8,53827164,6.2322,1,843,ACB
9,682594316,7.9988,0,843,ACB
9,142963758,9.4322,1,843,ACB
2,46,1.75,1,844,ABC
3,157,1.2341,1,844,ABC
4,6352,1.6685,1,844,ABC
5,59281,2.9007,1,844,ABC
6,396172,2.7491,1,844,ABC
7,8241973,3.7827,1,844,ABC
8,53827164,11.5673,1,844,ABC
9,682594316,6.149,0,844,ABC
9,142963758,10.6343,0,844,ABC
2,46,1.5108,1,846,CAB
3,157,1.0496,1,846,CAB
4,6352,2.1995,1,846,CAB
5,59281,3.7837,1,846,CAB
6,396172,9.4029,0,846,CAB
6,594631,7.1692,0,846,CAB
2,46,2.3134,1,848,BCA
3,157,1.498,1,848,BCA
4,6352,1.9469,1,848,BCA
5,59281,2.1128,1,848,BCA
6,396172,3.0949,1,848,BCA
7,8241973,4.543,1,848,BCA
8,53827164,5.9245,1,848,BCA
9,682594316,12.4822,0,848,BCA
9,142963758,6.5406,0,848,BCA
2,46,1.7983,1,849,ACB
3,157,1.8497,1,849,ACB
4,6352,2.016,1,849,ACB
5,59281,3.3654,1,849,ACB
6,396172,5.0526,1,849,ACB
7,8241973,13.3146,0,849,ACB
7,2814367,6.3153,1,849,ACB
8,53827164,6.3493,1,849,ACB
9,682594316,10.4482,0,849,ACB
9,142963758,12.7988,0,849,ACB
2,46,1.6165,1,850,ABC
3,157,1.2148,1,850,ABC
4,6352,1.4833,1,850,ABC
5,59281,3.2662,1,850,ABC
6,396172,3.7823,1,850,ABC
7,8241973,4.5667,1,850,ABC
8,53827164,5.9832,1,850,ABC
9,682594316,7.7673,0,850,ABC
9,142963758,4.7668,1,850,ABC
2,46,1.485,1,852,CAB
3,157,0.8669,1,852,CAB
4,6352,1.4849,1,852,CAB
5,59281,2.3336,1,852,CAB
6,396172,3.4854,1,852,CAB
7,8241973,7.9833,0,852,CAB
7,2814367,8.2671,1,852,CAB
8,53827164,5.0173,0,852,CAB
8,75241739,11.5512,0,852,CAB
2,46,2.315,1,854,BCA
3,157,1.1317,1,854,BCA
4,6352,1.667,1,854,BCA
5,59281,2.1488,1,854,BCA
6,396172,5.8653,0,854,BCA
6,594631,3.2494,1,854,BCA
7,8241973,10.3995,0,854,BCA
7,2814367,4.7843,1,854,BCA
8,53827164,5.2821,0,854,BCA
8,75241739,11.95,0,854,BCA
2,46,1.703,1,855,ACB
3,157,1.7941,1,855,ACB
4,6352,2.9235,1,855,ACB
5,59281,2.8741,1,855,ACB
6,396172,3.6259,1,855,ACB
7,8241973,3.8979,1,855,ACB
8,53827164,4.8277,0,855,ACB
8,75241739,8.0022,0,855,ACB
2,46,1.5489,1,856,ABC
3,157,1.95,1,856,ABC
4,6352,2.6667,1,856,ABC
5,59281,2.5819,1,856,ABC
6,396172,3.4498,1,856,ABC
7,8241973,4.2506,1,856,ABC
8,53827164,9.4497,1,856,ABC
9,682594316,10.0336,1,856,ABC
2,46,2.0473,1,857,CBA
3,157,1.829,1,857,CBA
4,6352,2.0835,1,857,CBA
5,59281,6.0443,1,857,CBA
6,396172,11.7237,0,857,CBA
6,594631,3.9631,1,857,CBA
7,8241973,6.8608,0,857,CBA
7,2814367,8.8921,0,857,CBA
2,46,1.0284,1,859,BAC
3,157,0.8478,1,859,BAC
4,6352,1.5711,1,859,BAC
5,59281,1.5222,1,859,BAC
6,396172,3.0517,1,859,BAC
7,8241973,5.839,0,859,BAC
7,2814367,2.8152,1,859,BAC
8,53827164,3.2529,1,859,BAC
9,682594316,8.8561,1,859,BAC
2,46,1.7326,1,860,BCA
3,157,1.4844,1,860,BCA
4,6352,2.3004,1,860,BCA
5,59281,2.2661,1,860,BCA
6,396172,4.6669,1,860,BCA
7,8241973,4.5836,1,860,BCA
8,53827164,6.8669,0,860,BCA
8,75241739,5.5326,0,860,BCA
2,46,2.0148,1,863,CBA
3,157,1.8657,1,863,CBA
4,6352,3.4345,1,863,CBA
5,59281,4.8304,1,863,CBA
6,396172,2.7819,1,863,CBA
7,8241973,4.3475,1,863,CBA
8,53827164,5.6969,1,863,CBA
9,682594316,36.4637,0,863,CBA
9,142963758,31.1661,0,863,CBA
2,46,2.2991,1,865,BAC
3,157,1.8993,1,865,BAC
4,6352,3.1155,1,865,BAC
5,59281,3.268,1,865,BAC
6,396172,4.1339,1,865,BAC
7,8241973,8.9337,0,865,BAC
7,2814367,13.9691,0,865,BAC
2,46,2.0173,1,866,BCA
3,157,1.5001,1,866,BCA
4,6352,1.4159,1,866,BCA
5,59281,2.8534,1,866,BCA
6,396172,3.5646,1,866,BCA
7,8241973,5.2498,1,866,BCA
8,53827164,4.0835,1,866,BCA
9,682594316,5.5353,0,866,BCA
9,142963758,8.4328,0,866,BCA
2,46,1.7212,1,867,ACB
3,157,1.3606,1,867,ACB
4,6352,1.6978,1,867,ACB
5,59281,3.3093,1,867,ACB
6,396172,2.7644,1,867,ACB
7,8241973,4.4279,1,867,ACB
8,53827164,8.138,0,867,ACB
8,75241739,11.5891,0,867,ACB
2,46,1.0644,1,868,ABC
3,157,1.0825,1,868,ABC
4,6352,2.0491,1,868,ABC
5,59281,3.3152,1,868,ABC
6,396172,2.8987,0,868,ABC
6,594631,5.2992,1,868,ABC
7,8241973,3.6324,0,868,ABC
7,2814367,3.4484,1,868,ABC
8,53827164,4.5657,0,868,ABC
8,75241739,8.1646,0,868,ABC
2,46,1.3663,1,869,CBA
3,157,1.5173,1,869,CBA
4,6352,1.901,1,869,CBA
5,59281,4.5511,1,869,CBA
6,396172,12.3535,1,869,CBA
7,8241973,14.9037,1,869,CBA
8,53827164,9.2524,1,869,CBA
9,682594316,14.9873,0,869,CBA
9,142963758,9.3188,0,869,CBA
2,46,1.8516,1,871,BAC
3,157,2.0186,1,871,BAC
4,6352,2.7031,1,871,BAC
5,59281,4.721,1,871,BAC
6,396172,27.4977,0,871,BAC
6,594631,12.4302,0,871,BAC
2,46,1.0497,1,872,BCA
3,157,1.2169,1,872,BCA
4,6352,2.9168,1,872,BCA
5,59281,2.8832,1,872,BCA
6,396172,8.9009,1,872,BCA
7,8241973,4.7334,1,872,BCA
8,53827164,7.8503,1,872,BCA
9,682594316,13.1006,0,872,BCA
9,142963758,7.3001,0,872,BCA
2,46,1.7798,1,875,CBA
3,157,1.433,1,875,CBA
4,6352,1.9491,1,875,CBA
5,59281,3.9638,1,875,CBA
6,396172,3.5318,1,875,CBA
7,8241973,4.2484,1,875,CBA
8,53827164,6.9323,1,875,CBA
9,682594316,14.4643,1,875,CBA
2,46,2.2806,1,876,CAB
3,157,1.3655,1,876,CAB
4,6352,2.5824,1,876,CAB
5,59281,1.9322,1,876,CAB
6,396172,2.1155,1,876,CAB
7,8241973,4.365,1,876,CAB
8,53827164,16.4306,0,876,CAB
8,75241739,13.5145,0,876,CAB
2,46,1.3002,1,877,ABC
3,157,1.4313,1,877,ABC
4,6352,2.1148,1,877,ABC
5,59281,2.6384,1,877,ABC
6,396172,5.4504,0,877,ABC
6,594631,4.9753,1,877,ABC
7,8241973,5.0516,0,877,ABC
7,2814367,10.2964,0,877,ABC
2,46,1.915,1,880,ABC
3,157,1.65,1,880,ABC
4,6352,1.899,1,880,ABC
5,59281,3.85,1,880,ABC
6,396172,3.499,1,880,ABC
7,8241973,4.25,0,880,ABC
7,2814367,5.117,0,880,ABC
2,46,1.4955,1,881,CBA
3,157,1.5321,1,881,CBA
4,6352,2.796,1,881,CBA
5,59281,3.3645,1,881,CBA
6,396172,2.6996000000000002,1,881,CBA
7,8241973,4.5922,0,881,CBA
7,2814367,6.206,0,881,CBA
2,46,2.1995,1,882,CAB
3,157,2.1005,1,882,CAB
4,6352,1.3828,1,882,CAB
5,59281,2.2504,1,882,CAB
6,396172,4.8019,1,882,CAB
7,8241973,4.0845,1,882,CAB
8,53827164,10.017,1,882,CAB
9,682594316,9.5007,1,882,CAB
2,46,1.8145,1,885,ABC
3,157,1.0487,1,885,ABC
4,6352,1.0993,1,885,ABC
5,59281,1.5325,1,885,ABC
6,396172,1.6017,1,885,ABC
7,8241973,3.6654,1,885,ABC
8,53827164,4.1659,1,885,ABC
9,682594316,5.3482,1,885,ABC
2,46,2.0987,1,887,CBA
3,157,1.3327,1,887,CBA
4,6352,2.167,1,887,CBA
5,59281,5.4656,1,887,CBA
6,396172,8.501,1,887,CBA
7,8241973,8.2996,0,887,CBA
7,2814367,6.8664,1,887,CBA
8,53827164,23.8162,0,887,CBA
8,75241739,10.3494,1,887,CBA
9,682594316,13.3337,0,887,CBA
9,142963758,9.7995,0,887,CBA
2,46,1.9642,1,888,CAB
3,157,2.3154,1,888,CAB
4,6352,1.1327,1,888,CAB
5,59281,2.0151,1,888,CAB
6,396172,1.5993,0,888,CAB
6,594631,4.0826,1,888,CAB
7,8241973,5.4826,1,888,CAB
8,53827164,7.9483,0,888,CAB
8,75241739,7.3657,0,888,CAB
2,46,1.2447,1,889,BAC
3,157,1.033,1,889,BAC
4,6352,1.5838,1,889,BAC
5,59281,1.9492,1,889,BAC
6,396172,3.3159,1,889,BAC
7,8241973,3.3325,1,889,BAC
8,53827164,4.3197,0,889,BAC
8,75241739,13.171,1,889,BAC
9,682594316,5.3192,0,889,BAC
9,142963758,15.9575,0,889,BAC
2,46,1.7826,1,892,ABC
3,157,2.5022,1,892,ABC
4,6352,2.0306,1,892,ABC
5,59281,3.1118,1,892,ABC
6,396172,3.3616,1,892,ABC
7,8241973,5.7103,1,892,ABC
8,53827164,8.575,1,892,ABC
9,682594316,6.8607,0,892,ABC
9,142963758,6.9939,1,892,ABC
2,46,1.0156,1,895,BAC
3,157,1.4515,1,895,BAC
4,6352,1.9501,1,895,BAC
5,59281,2.748,1,895,BAC
6,396172,4.6176,1,895,BAC
7,8241973,3.6486,1,895,BAC
8,53827164,5.3308,0,895,BAC
8,75241739,10.6774,0,895,BAC
2,46,2.2986,1,896,BCA
3,157,2.1996000000000002,1,896,BCA
4,6352,2.8341,1,896,BCA
5,59281,3.7828,1,896,BCA
6,396172,4.4647,1,896,BCA
7,8241973,5.7157,1,896,BCA
8,53827164,5.9483,0,896,BCA
8,75241739,8.8335,0,896,BCA
2,46,1.3981,1,897,ACB
3,157,1.6966,1,897,ACB
4,6352,2.0145,1,897,ACB
5,59281,2.6801,1,897,ACB
6,396172,3.7463,1,897,ACB
7,8241973,7.8253,1,897,ACB
8,53827164,4.9617000000000004,0,897,ACB
8,75241739,6.4268,1,897,ACB
9,682594316,19.263,0,897,ACB
9,142963758,6.9433,0,897,ACB
2,46,2.199815,1,901,BAC
3,157,1.251775,1,901,BAC
4,6352,1.701595,1,901,BAC
5,59281,2.88839,1,901,BAC
6,396172,2.902955,1,901,BAC
7,8241973,2.97151,1,901,BAC
8,53827164,11.8945,0,901,BAC
8,75241739,34.2039,0,901,BAC
2,46,1.1654,1,902,BCA
3,157,1.666,1,902,BCA
4,6352,1.5828,1,902,BCA
5,59281,1.566,1,902,BCA
6,396172,9.515,0,902,BCA
6,594631,3.0158,0,902,BCA
2,46,1.946875,1,908,ABC
3,157,1.29806,1,908,ABC
4,6352,2.16421,1,908,ABC
5,59281,3.52988,1,908,ABC
6,396172,4.54548,1,908,ABC
7,8241973,6.825845,1,908,ABC
8,53827164,5.84341,1,908,ABC
9,682594316,8.8576,0,908,ABC
9,142963758,8.1752300000000009,0,908,ABC
2,46,1.26818,1,914,BCA
NA,157,1.08315,1,914,BCA
4,6352,1.752675,1,914,BCA
5,59281,2.02004,1,914,BCA
6,396172,6.175555,1,914,BCA
7,8241973,7.228825,0,914,BCA
7,2814367,8.232165,1,914,BCA
8,53827164,6.98051,0,914,BCA
8,75241739,5.72643,0,914,BCA
2,46,1.67546,1,916,ABC
NA,157,1.59808,1,916,ABC
4,6352,3.13145,1,916,ABC
5,59281,10.746375,1,916,ABC
6,396172,8.180405,0,916,ABC
6,594631,5.31343,0,916,ABC
2,46,1.38496,1,917,CBA
NA,157,2.083005,1,917,CBA
4,6352,2.433755,1,917,CBA
5,59281,3.549295,1,917,CBA
6,396172,4.449565,1,917,CBA
7,8241973,7.383705,0,917,CBA
7,2814367,11.13313,0,917,CBA
2,46,1.566225,1,918,CAB
3,157,1.88323,1,918,CAB
4,6352,1.81653,1,918,CAB
5,59281,2.016525,1,918,CAB
6,396172,2.9165,1,918,CAB
7,8241973,13.632825,0,918,CAB
7,2814367,4.64987,1,918,CAB
8,53827164,8.38301,1,918,CAB
9,682594316,12.566215,0,918,CAB
9,142963758,33.081705,1,918,CAB
2,46,1.481475,1,919,BAC
NA,157,1.915935,1,919,BAC
4,6352,2.117235,1,919,BAC
5,59281,3.03323,1,919,BAC
6,396172,4.18235,1,919,BAC
7,8241973,4.516325,1,919,BAC
8,53827164,8.18404,0,919,BAC
8,75241739,7.649335,0,919,BAC
2,46,1.68041,1,920,BCA
3,157,1.59885,1,920,BCA
4,6352,2.16521,1,920,BCA
5,59281,2.231775,1,920,BCA
6,396172,13.09474,0,920,BCA
6,594631,4.58022,0,920,BCA
2,46,1.54661,1,922,ABC
NA,157,1.36497,1,922,ABC
4,6352,1.881005,1,922,ABC
5,59281,1.91443,1,922,ABC
6,396172,3.579335,1,922,ABC
7,8241973,4.528385,1,922,ABC
8,53827164,7.14243,1,922,ABC
9,682594316,10.83864,0,922,ABC
9,142963758,5.394055,1,922,ABC
2,46,1.99804,1,925,BAC
3,157,2.20872,1,925,BAC
4,6352,2.597725,1,925,BAC
5,59281,4.4969,1,925,BAC
6,396172,4.83001,1,925,BAC
7,8241973,5.752535,0,925,BAC
7,2814367,10.385555,0,925,BAC
2,46,1.515435,1,927,ACB
NA,157,1.18297,1,927,ACB
4,6352,1.349535,1,927,ACB
5,59281,2.34815,1,927,ACB
6,396172,1.61605,1,927,ACB
7,8241973,4.316,0,927,ACB
7,2814367,6.219255,1,927,ACB
8,53827164,36.930505,0,927,ACB
8,75241739,16.14848,0,927,ACB
2,46,1.34852,1,928,ABC
NA,157,1.799555,1,928,ABC
4,6352,1.39993,1,928,ABC
5,59281,2.68312,1,928,ABC
6,396172,1.34951,0,928,ABC
6,594631,4.932675,1,928,ABC
7,8241973,13.316105,0,928,ABC
7,2814367,5.66696,0,928,ABC
2,46,2.58919,1,929,CBA
3,157,1.988515,1,929,CBA
4,6352,1.936905,1,929,CBA
5,59281,2.372655,1,929,CBA
6,396172,3.90982,1,929,CBA
7,8241973,4.513695,0,929,CBA
7,2814367,5.999175,1,929,CBA
8,53827164,4.177875,0,929,CBA
8,75241739,5.416285,0,929,CBA
2,46,2.0804,1,930,CAB
3,157,1.0661,1,930,CAB
4,6352,2.068,1,930,CAB
5,59281,4.5178,0,930,CAB
5,64738,3.3546,1,930,CAB
6,396172,5.6647,1,930,CAB
7,8241973,6.0642,1,930,CAB
8,53827164,10.5646,1,930,CAB
9,682594316,9.1472,1,930,CAB
2,46,2.0438,1,931,BAC
3,157,1.3467,1,931,BAC
4,6352,1.6654,1,931,BAC
5,59281,2.1616,1,931,BAC
6,396172,3.414,1,931,BAC
7,8241973,2.9261,1,931,BAC
8,53827164,7.2528,0,931,BAC
8,75241739,6.1067,1,931,BAC
9,682594316,7.3384,0,931,BAC
9,142963758,11.4009,0,931,BAC
2,46,2.69729,1,932,BCA
NA,157,1.69874,1,932,BCA
4,6352,1.893685,1,932,BCA
5,59281,1.87847,1,932,BCA
6,396172,2.7699,1,932,BCA
7,8241973,4.60356,1,932,BCA
8,53827164,5.64399,1,932,BCA
9,682594316,5.419165,0,932,BCA
9,142963758,12.748615,0,932,BCA
2,46,1.42989,1,936,CAB
NA,157,1.568635,1,936,CAB
4,6352,1.53297,1,936,CAB
5,59281,2.316345,1,936,CAB
6,396172,6.66257,1,936,CAB
7,8241973,3.06428,1,936,CAB
8,53827164,5.546595,0,936,CAB
8,75241739,6.196205,0,936,CAB
2,46,1.604375,1,938,BCA
NA,157,1.48147,1,938,BCA
4,6352,1.70366,1,938,BCA
5,59281,2.0822,1,938,BCA
6,396172,7.75026,1,938,BCA
7,8241973,5.601065,0,938,BCA
7,2814367,5.36679,1,938,BCA
8,53827164,8.727705,1,938,BCA
9,682594316,5.744875,0,938,BCA
9,142963758,8.63816,0,938,BCA
2,46,2.13226,1,940,ABC
3,157,2.833325,1,940,ABC
4,6352,3.49967,1,940,ABC
5,59281,5.183275,1,940,ABC
6,396172,8.116585,0,940,ABC
6,594631,19.89988,0,940,ABC
2,46,1.89917,1,941,CBA
NA,157,1.664355,1,941,CBA
4,6352,2.51424,1,941,CBA
5,59281,2.94915,1,941,CBA
6,396172,2.73166,1,941,CBA
7,8241973,5.24869,1,941,CBA
8,53827164,8.04748,0,941,CBA
8,75241739,6.51477,0,941,CBA
2,46,1.415855,1,942,CAB
NA,157,1.066215,1,942,CAB
4,6352,1.833245,1,942,CAB
5,59281,1.733315,1,942,CAB
6,396172,3.50002,0,942,CAB
6,594631,3.19987,1,942,CAB
7,8241973,11.69969,0,942,CAB
7,2814367,4.09973,1,942,CAB
8,53827164,9.9,0,942,CAB
8,75241739,9.81637,1,942,CAB
9,682594316,6.548935,0,942,CAB
9,142963758,9.582295,0,942,CAB
2,46,2.149655,1,943,BAC
NA,157,1.332895,1,943,BAC
4,6352,2.399275,1,943,BAC
5,59281,2.999605,1,943,BAC
6,396172,2.768735,1,943,BAC
7,8241973,5.28104,0,943,BAC
7,2814367,6.651455,0,943,BAC
2,46,1.05035,1,945,ACB
NA,157,1.232525,1,945,ACB
4,6352,1.64974,1,945,ACB
5,59281,1.74987,1,945,ACB
6,396172,3.7162,1,945,ACB
7,8241973,3.233715,1,945,ACB
8,53827164,7.63379,1,945,ACB
9,682594316,6.266165,0,945,ACB
9,142963758,9.932335,0,945,ACB
2,46,2.0136,1,947,CBA
3,157,2.564,1,947,CBA
4,6352,2.4805,1,947,CBA
5,59281,3.4463,1,947,CBA
6,396172,3.9793,1,947,CBA
7,8241973,5.4113,1,947,CBA
8,53827164,5.2786,1,947,CBA
9,682594316,11.0891,0,947,CBA
9,142963758,6.7439,1,947,CBA
2,46,1.27941,1,948,CAB
NA,157,1.299245,1,948,CAB
4,6352,2.23138,1,948,CAB
5,59281,2.732785,1,948,CAB
6,396172,6.06687,1,948,CAB
7,8241973,5.89958,1,948,CAB
8,53827164,5.500645,1,948,CAB
9,682594316,6.718075,0,948,CAB
9,142963758,9.100265,0,948,CAB
2,46,1.33219,1,949,BAC
NA,157,1.0995,1,949,BAC
4,6352,1.566635,1,949,BAC
5,59281,1.933515,1,949,BAC
6,396172,2.666885,1,949,BAC
7,8241973,5.51901,0,949,BAC
7,2814367,3.45132,1,949,BAC
8,53827164,3.751455,1,949,BAC
9,682594316,8.687065,0,949,BAC
9,142963758,7.40401,1,949,BAC
2,46,1.904365,1,950,BCA
NA,157,2.407715,1,950,BCA
4,6352,1.287515,1,950,BCA
5,59281,1.48825,1,950,BCA
6,396172,2.39076,1,950,BCA
7,8241973,3.56179,1,950,BCA
8,53827164,11.62027,1,950,BCA
9,682594316,8.979705,0,950,BCA
9,142963758,12.708135,0,950,BCA
2,46,2.09722,1,951,ACB
NA,157,1.94795,1,951,ACB
4,6352,2.262775,1,951,ACB
5,59281,3.227505,1,951,ACB
6,396172,6.324855,0,951,ACB
6,594631,3.863835,1,951,ACB
7,8241973,5.26169,0,951,ACB
7,2814367,5.64335,1,951,ACB
8,53827164,8.239445,1,951,ACB
9,682594316,7.95775,0,951,ACB
9,142963758,5.96032,0,951,ACB
2,46,1.497605,1,952,ABC
NA,157,1.265275,1,952,ABC
4,6352,2.332055,1,952,ABC
5,59281,2.98172,1,952,ABC
6,396172,4.48114,1,952,ABC
7,8241973,5.048135,1,952,ABC
8,53827164,6.69756,1,952,ABC
9,682594316,5.731425,0,952,ABC
9,142963758,6.99733,0,952,ABC
2,46,2.2671,1,953,CBA
3,157,2.66421,1,953,CBA
4,6352,1.931915,1,953,CBA
5,59281,2.86341,1,953,CBA
6,396172,4.497245,1,953,CBA
7,8241973,12.063165,0,953,CBA
7,2814367,4.148375,1,953,CBA
8,53827164,5.832775,0,953,CBA
8,75241739,15.6147,0,953,CBA
2,46,1.3636,1,954,CAB
3,157,1.6648,1,954,CAB
4,6352,3.2815,1,954,CAB
5,59281,2.4647,1,954,CAB
6,396172,3.1317,1,954,CAB
7,8241973,4.0803,1,954,CAB
8,53827164,12.5955,1,954,CAB
9,682594316,8.5464,0,954,CAB
9,142963758,8.7302,0,954,CAB
2,46,1.718365,1,956,BCA
NA,157,2.0864,1,956,BCA
4,6352,2.60344,1,956,BCA
5,59281,3.33819,1,956,BCA
6,396172,5.15776,1,956,BCA
7,8241973,8.87985,1,956,BCA
8,53827164,13.603885,0,956,BCA
8,75241739,17.209375,0,956,BCA
2,46,1.090415,1,957,ACB
NA,157,1.50828,1,957,ACB
4,6352,1.4663,1,957,ACB
5,59281,2.283,1,957,ACB
6,396172,3.583095,0,957,ACB
6,594631,13.38284,1,957,ACB
7,8241973,5.57491,1,957,ACB
8,53827164,4.233335,0,957,ACB
8,75241739,6.1329650000000004,1,957,ACB
9,682594316,21.99747,0,957,ACB
9,142963758,11.13468,0,957,ACB
2,46,1.81562,1,959,CBA
NA,157,1.550405,1,959,CBA
4,6352,2.01622,1,959,CBA
5,59281,3.34949,1,959,CBA
6,396172,2.74888,1,959,CBA
7,8241973,4.849255,0,959,CBA
7,2814367,6.248945,0,959,CBA
2,46,1.58277,1,960,CAB
NA,157,1.76674,1,960,CAB
4,6352,1.54985,1,960,CAB
5,59281,2.083105,1,960,CAB
6,396172,2.53317,1,960,CAB
7,8241973,3.116175,1,960,CAB
8,53827164,4.049615,1,960,CAB
9,682594316,6.74944,1,960,CAB
2,46,2.016385,1,961,BAC
NA,157,1.41704,1,961,BAC
4,6352,1.266655,1,961,BAC
5,59281,1.566505,1,961,BAC
6,396172,3.468275,1,961,BAC
7,8241973,3.199785,1,961,BAC
8,53827164,5.183735,0,961,BAC
8,75241739,4.41469,1,961,BAC
9,682594316,4.183435,0,961,BAC
9,142963758,5.663505,0,961,BAC
2,46,1.94703,1,963,ACB
NA,157,2.048965,1,963,ACB
4,6352,2.99709,1,963,ACB
5,59281,3.06455,1,963,ACB
6,396172,3.864185,0,963,ACB
6,594631,3.81433,1,963,ACB
7,8241973,6.49512,0,963,ACB
7,2814367,3.659875,1,963,ACB
8,53827164,10.158315,0,963,ACB
8,75241739,6.0505,0,963,ACB
2,46,1.4577,1,964,ABC
3,157,1.4983,1,964,ABC
4,6352,1.4653,1,964,ABC
5,59281,2.8482,1,964,ABC
6,396172,6.9979,0,964,ABC
6,594631,3.9202,1,964,ABC
7,8241973,4.9326,0,964,ABC
7,2814367,3.7655,1,964,ABC
8,53827164,5.1317,0,964,ABC
8,75241739,7.9706,0,964,ABC
2,46,1.430405,1,965,CBA
NA,157,2.13207,1,965,CBA
4,6352,1.682255,1,965,CBA
5,59281,2.048445,1,965,CBA
6,396172,4.13069,1,965,CBA
7,8241973,4.74726,1,965,CBA
8,53827164,6.945805,1,965,CBA
9,682594316,5.24711,0,965,CBA
9,142963758,4.297515,0,965,CBA
2,46,1.941405,1,968,BCA
NA,157,1.333895,1,968,BCA
4,6352,1.85171,1,968,BCA
5,59281,2.55288,1,968,BCA
6,396172,3.443925,1,968,BCA
7,8241973,4.23735,1,968,BCA
8,53827164,5.037275,1,968,BCA
9,682594316,7.179485,1,968,BCA
2,46,1.36476,1,969,ACB
NA,157,3.129515,1,969,ACB
4,6352,2.148095,1,969,ACB
5,59281,3.56281,1,969,ACB
6,396172,5.078225,1,969,ACB
7,8241973,6.792875,0,969,ACB
7,2814367,6.710245,1,969,ACB
8,53827164,4.795105,0,969,ACB
8,75241739,9.12419,0,969,ACB
2,46,2.39906,1,971,CBA
NA,157,2.29908,1,971,CBA
4,6352,3.582725,1,971,CBA
5,59281,4.199095,1,971,CBA
6,396172,8.38104,1,971,CBA
7,8241973,7.064665,1,971,CBA
8,53827164,8.614245,0,971,CBA
8,75241739,6.815145,1,971,CBA
9,682594316,6.214435,0,971,CBA
9,142963758,8.347695,0,971,CBA
2,46,2.080265,1,974,BCA
NA,157,1.7982,1,974,BCA
4,6352,3.36329,1,974,BCA
5,59281,2.746795,1,974,BCA
6,396172,2.797065,1,974,BCA
7,8241973,18.231985,1,974,BCA
8,53827164,5.51106,1,974,BCA
9,682594316,9.32621,1,974,BCA
2,46,1.36588,1,976,ABC
NA,157,1.44879,1,976,ABC
4,6352,2.201185,1,976,ABC
5,59281,1.83262,1,976,ABC
6,396172,3.11669,1,976,ABC
7,8241973,6.44993,0,976,ABC
7,2814367,7.284125,0,976,ABC
2,46,2.366075,1,977,CBA
NA,157,2.649765,1,977,CBA
4,6352,3.68362,1,977,CBA
5,59281,4.36615,1,977,CBA
6,396172,6.800545,0,977,CBA
6,594631,5.74975,1,977,CBA
7,8241973,25.41651,0,977,CBA
7,2814367,20.39965,0,977,CBA
2,46,1.206605,0,979,BAC
2,82,0.84447,0,979,BAC
2,46,1.44915,1,980,BCA
NA,157,1.48348,1,980,BCA
4,6352,2.317015,1,980,BCA
5,59281,3.28322,1,980,BCA
6,396172,8.650245,0,980,BCA
6,594631,3.616455,1,980,BCA
7,8241973,6.48299,0,980,BCA
7,2814367,4.849615,0,980,BCA
2,46,1.299015,1,982,ABC
NA,157,1.01667,1,982,ABC
4,6352,1.483045,1,982,ABC
5,59281,2.167815,1,982,ABC
6,396172,3.33313,1,982,ABC
7,8241973,4.38282,1,982,ABC
8,53827164,4.18308,1,982,ABC
9,682594316,6.75098,1,982,ABC
2,46,2.09018,1,983,CBA
NA,157,1.875995,1,983,CBA
4,6352,1.694145,1,983,CBA
5,59281,2.508195,1,983,CBA
6,396172,2.68959,1,983,CBA
7,8241973,4.28437,1,983,CBA
8,53827164,11.97446,1,983,CBA
9,682594316,9.466685,0,983,CBA
9,142963758,8.236025,0,983,CBA
2,46,1.53101,1,984,CAB
NA,157,1.500995,1,984,CAB
4,6352,2.101085,1,984,CAB
5,59281,2.39737,1,984,CAB
6,396172,2.431195,1,984,CAB
7,8241973,3.19928,1,984,CAB
8,53827164,4.860385,1,984,CAB
9,682594316,6.724845,1,984,CAB
2,46,2.213245,1,986,BCA
NA,157,1.731795,1,986,BCA
4,6352,2.21475,1,986,BCA
5,59281,2.548475,1,986,BCA
6,396172,5.562725,1,986,BCA
7,8241973,4.696845,1,986,BCA
8,53827164,3.364095,1,986,BCA
9,682594316,8.59425,1,986,BCA
2,46,1.808,1,987,ACB
NA,157,1.618,1,987,ACB
4,6352,1.529,1,987,ACB
5,59281,2.766,1,987,ACB
2,46,2.36381,1,988,ABC
NA,157,1.09908,1,988,ABC
4,6352,2.482925,1,988,ABC
5,59281,2.367155,1,988,ABC
6,396172,9.648855,1,988,ABC
7,8241973,7.248175,1,988,ABC
8,53827164,8.84841,0,988,ABC
8,75241739,9.014795,0,988,ABC
2,46,1.69877,1,989,CBA
NA,157,1.58236,1,989,CBA
4,6352,2.599435,1,989,CBA
5,59281,2.8997,1,989,CBA
6,396172,4.61616,1,989,CBA
7,8241973,3.94893,0,989,CBA
7,2814367,13.567145,0,989,CBA
2,46,1.4469,1,990,CAB
NA,157,1.681825,1,990,CAB
4,6352,1.74899,1,990,CAB
5,59281,2.364735,1,990,CAB
6,396172,1.965295,1,990,CAB
7,8241973,8.395055,1,990,CAB
8,53827164,14.394095,0,990,CAB
8,75241739,11.61204,0,990,CAB
2,46,1.532485,1,991,BAC
NA,157,2.184195,1,991,BAC
4,6352,2.58325,1,991,BAC
5,59281,3.550695,1,991,BAC
6,396172,3.751825,1,991,BAC
7,8241973,4.187175,1,991,BAC
8,53827164,6.36876,1,991,BAC
9,682594316,6.68475,1,991,BAC
2,46,0.99742,1,992,BCA
NA,157,0.88253,1,992,BCA
4,6352,1.099265,1,992,BCA
5,59281,1.41177,1,992,BCA
6,396172,2.68196,1,992,BCA
7,8241973,3.54818,1,992,BCA
8,53827164,4.41448,1,992,BCA
9,682594316,6.34683,1,992,BCA
2,46,2.179305,1,9935,ACB
NA,157,2.14939,1,9935,ACB
4,6352,2.51524,1,9935,ACB
5,59281,3.681515,1,9935,ACB
6,396172,5.79852,0,9935,ACB
6,594631,5.365465,1,9935,ACB
7,8241973,5.615305,0,9935,ACB
7,2814367,11.8985,0,9935,ACB
2,46,1.56599,1,994,ABC
NA,157,1.73304,1,994,ABC
4,6352,1.649855,1,994,ABC
5,59281,2.154275,1,994,ABC
6,396172,2.788,1,994,ABC
7,8241973,5.950025,1,994,ABC
8,53827164,8.07075,0,994,ABC
8,75241739,12.49096,0,994,ABC
2,46,1.580415,1,995,CBA
NA,157,1.93246,1,995,CBA
4,6352,1.56537,1,995,CBA
5,59281,2.4486,1,995,CBA
6,396172,4.9825,1,995,CBA
7,8241973,3.23262,0,995,CBA
7,2814367,7.098505,0,995,CBA
2,46,1.79978,1,996,CAB
NA,157,1.58381,1,996,CAB
4,6352,2.249955,1,996,CAB
5,59281,2.434095,1,996,CAB
6,396172,4.09906,1,996,CAB
7,8241973,3.86488,1,996,CAB
8,53827164,7.24935,0,996,CAB
8,75241739,11.59884,0,996,CAB
2,46,1.395125,1,997,BAC
NA,157,1.52778,1,997,BAC
4,6352,3.249805,1,997,BAC
5,59281,2.229005,1,997,BAC
6,396172,2.74994,1,997,BAC
7,8241973,3.81976,1,997,BAC
8,53827164,5.861275,1,997,BAC
9,682594316,4.277675,1,997,BAC
2,46,0.99833,1,998,BCA
NA,157,0.98294,1,998,BCA
4,6352,1.682885,1,998,BCA
5,59281,2.333335,1,998,BCA
6,396172,3.21642,1,998,BCA
7,8241973,5.367255,0,998,BCA
7,2814367,3.383605,1,998,BCA
8,53827164,4.21684,0,998,BCA
8,75241739,6.96755,0,998,BCA
2,46,1.19075,1,999,ACB
NA,157,1.632695,1,999,ACB
4,6352,1.61167,1,999,ACB
5,59281,4.21193,1,999,ACB
6,396172,3.51015,0,999,ACB
6,594631,3.05071,1,999,ACB
7,8241973,5.31059,0,999,ACB
7,2814367,4.52291,0,999,ACB
